repository,commit,parent_commit,author_date,subject,architecture_smell,metric_name,metric_before,metric_after,metric_delta,improved,refactoring_labels,ranked_refactoring_labels,top_refactoring_label,input_text,target_text
tika,2b86daf8815f3c8d974f887e4cc064b9159db595,b27dfe0ce70beded9008df90e6a16c2ef66ba9aa,2007-08-17T19:11:25+00:00,TIKA-8: Replaced the jmimeinfo dependency with a trivial mime type detector.,Hub-like Dependency,hub_like_packages,1,1,0,False,Remove Thrown Exception Type,Remove Thrown Exception Type,Remove Thrown Exception Type,Architecture smell: Hub-like Dependency. Metric hub_like_packages changed from 1 to 1. Commit message: TIKA-8: Replaced the jmimeinfo dependency with a trivial mime type detector.,Remove Thrown Exception Type
tika,2b86daf8815f3c8d974f887e4cc064b9159db595,b27dfe0ce70beded9008df90e6a16c2ef66ba9aa,2007-08-17T19:11:25+00:00,TIKA-8: Replaced the jmimeinfo dependency with a trivial mime type detector.,Large Component,large_packages,2,2,0,False,Remove Thrown Exception Type,Remove Thrown Exception Type,Remove Thrown Exception Type,Architecture smell: Large Component. Metric large_packages changed from 2 to 2. Commit message: TIKA-8: Replaced the jmimeinfo dependency with a trivial mime type detector.,Remove Thrown Exception Type
tika,2b86daf8815f3c8d974f887e4cc064b9159db595,b27dfe0ce70beded9008df90e6a16c2ef66ba9aa,2007-08-17T19:11:25+00:00,TIKA-8: Replaced the jmimeinfo dependency with a trivial mime type detector.,Excessive Package Coupling,package_edges,133,131,2,True,Remove Thrown Exception Type,Remove Thrown Exception Type,Remove Thrown Exception Type,Architecture smell: Excessive Package Coupling. Metric package_edges changed from 133 to 131. Commit message: TIKA-8: Replaced the jmimeinfo dependency with a trivial mime type detector.,Remove Thrown Exception Type
tika,f8183f2dffaac516ea48fc3522c302fa4937b26c,033a07cf008dfaf63c2d4bb76bebf184f8b7a338,2007-09-24T16:36:47+00:00,"TIKA-17 - Rename all ""Luis"" classes to be ""Tika"" classes",Cyclic Dependency,cyclic_packages,2,2,0,False,Change Attribute Type|Change Parameter Type|Change Thrown Exception Type|Rename Class,Change Attribute Type|Change Parameter Type|Change Thrown Exception Type|Rename Class,Change Attribute Type,"Architecture smell: Cyclic Dependency. Metric cyclic_packages changed from 2 to 2. Commit message: TIKA-17 - Rename all ""Luis"" classes to be ""Tika"" classes",Change Attribute Type | Change Parameter Type | Change Thrown Exception Type | Rename Class
tika,f8183f2dffaac516ea48fc3522c302fa4937b26c,033a07cf008dfaf63c2d4bb76bebf184f8b7a338,2007-09-24T16:36:47+00:00,"TIKA-17 - Rename all ""Luis"" classes to be ""Tika"" classes",Hub-like Dependency,hub_like_packages,1,1,0,False,Change Attribute Type|Change Parameter Type|Change Thrown Exception Type|Rename Class,Change Attribute Type|Change Parameter Type|Change Thrown Exception Type|Rename Class,Change Attribute Type,"Architecture smell: Hub-like Dependency. Metric hub_like_packages changed from 1 to 1. Commit message: TIKA-17 - Rename all ""Luis"" classes to be ""Tika"" classes",Change Attribute Type | Change Parameter Type | Change Thrown Exception Type | Rename Class
tika,f8183f2dffaac516ea48fc3522c302fa4937b26c,033a07cf008dfaf63c2d4bb76bebf184f8b7a338,2007-09-24T16:36:47+00:00,"TIKA-17 - Rename all ""Luis"" classes to be ""Tika"" classes",Large Component,large_packages,4,4,0,False,Change Attribute Type|Change Parameter Type|Change Thrown Exception Type|Rename Class,Change Attribute Type|Change Parameter Type|Change Thrown Exception Type|Rename Class,Change Attribute Type,"Architecture smell: Large Component. Metric large_packages changed from 4 to 4. Commit message: TIKA-17 - Rename all ""Luis"" classes to be ""Tika"" classes",Change Attribute Type | Change Parameter Type | Change Thrown Exception Type | Rename Class
tika,f8183f2dffaac516ea48fc3522c302fa4937b26c,033a07cf008dfaf63c2d4bb76bebf184f8b7a338,2007-09-24T16:36:47+00:00,"TIKA-17 - Rename all ""Luis"" classes to be ""Tika"" classes",Excessive Package Coupling,package_edges,149,149,0,False,Change Attribute Type|Change Parameter Type|Change Thrown Exception Type|Rename Class,Change Attribute Type|Change Parameter Type|Change Thrown Exception Type|Rename Class,Change Attribute Type,"Architecture smell: Excessive Package Coupling. Metric package_edges changed from 149 to 149. Commit message: TIKA-17 - Rename all ""Luis"" classes to be ""Tika"" classes",Change Attribute Type | Change Parameter Type | Change Thrown Exception Type | Rename Class
tika,83cb301f046cf5621e6e71bcd907fef52c491078,0c203842869b08afd0d3af2a899f6f6fc5cb0f4f,2007-09-24T17:12:50+00:00,- remove Hadoop/Nutch Configuration and Configurable interfaces - wire together MimeUtils and tika config.xml file - wire together MimeUtils and TikaConfig,Cyclic Dependency,cyclic_packages,2,4,-2,False,Add Attribute Modifier|Change Attribute Type|Inline Method|Rename Attribute,Add Attribute Modifier|Change Attribute Type|Inline Method|Rename Attribute,Add Attribute Modifier,Architecture smell: Cyclic Dependency. Metric cyclic_packages changed from 2 to 4. Commit message: - remove Hadoop/Nutch Configuration and Configurable interfaces - wire together MimeUtils and tika config.xml file - wire together MimeUtils and TikaConfig,Add Attribute Modifier | Change Attribute Type | Inline Method | Rename Attribute
tika,83cb301f046cf5621e6e71bcd907fef52c491078,0c203842869b08afd0d3af2a899f6f6fc5cb0f4f,2007-09-24T17:12:50+00:00,- remove Hadoop/Nutch Configuration and Configurable interfaces - wire together MimeUtils and tika config.xml file - wire together MimeUtils and TikaConfig,Hub-like Dependency,hub_like_packages,1,1,0,False,Add Attribute Modifier|Change Attribute Type|Inline Method|Rename Attribute,Add Attribute Modifier|Change Attribute Type|Inline Method|Rename Attribute,Add Attribute Modifier,Architecture smell: Hub-like Dependency. Metric hub_like_packages changed from 1 to 1. Commit message: - remove Hadoop/Nutch Configuration and Configurable interfaces - wire together MimeUtils and tika config.xml file - wire together MimeUtils and TikaConfig,Add Attribute Modifier | Change Attribute Type | Inline Method | Rename Attribute
tika,83cb301f046cf5621e6e71bcd907fef52c491078,0c203842869b08afd0d3af2a899f6f6fc5cb0f4f,2007-09-24T17:12:50+00:00,- remove Hadoop/Nutch Configuration and Configurable interfaces - wire together MimeUtils and tika config.xml file - wire together MimeUtils and TikaConfig,Large Component,large_packages,4,3,1,True,Add Attribute Modifier|Change Attribute Type|Inline Method|Rename Attribute,Add Attribute Modifier|Change Attribute Type|Inline Method|Rename Attribute,Add Attribute Modifier,Architecture smell: Large Component. Metric large_packages changed from 4 to 3. Commit message: - remove Hadoop/Nutch Configuration and Configurable interfaces - wire together MimeUtils and tika config.xml file - wire together MimeUtils and TikaConfig,Add Attribute Modifier | Change Attribute Type | Inline Method | Rename Attribute
tika,83cb301f046cf5621e6e71bcd907fef52c491078,0c203842869b08afd0d3af2a899f6f6fc5cb0f4f,2007-09-24T17:12:50+00:00,- remove Hadoop/Nutch Configuration and Configurable interfaces - wire together MimeUtils and tika config.xml file - wire together MimeUtils and TikaConfig,Excessive Package Coupling,package_edges,149,149,0,False,Add Attribute Modifier|Change Attribute Type|Inline Method|Rename Attribute,Add Attribute Modifier|Change Attribute Type|Inline Method|Rename Attribute,Add Attribute Modifier,Architecture smell: Excessive Package Coupling. Metric package_edges changed from 149 to 149. Commit message: - remove Hadoop/Nutch Configuration and Configurable interfaces - wire together MimeUtils and tika config.xml file - wire together MimeUtils and TikaConfig,Add Attribute Modifier | Change Attribute Type | Inline Method | Rename Attribute
tika,d3e678bf2c00961a33854ad3a0ecb0df7dd23b08,cfe3527af83d582d12a43a6f42ff30bd2d15a379,2007-09-26T05:28:51+00:00,"TIKA-32 - remove useless CDATA clauses, and code cleanup - contributed by Keith R. Bennett, thanks!",Cyclic Dependency,cyclic_packages,4,4,0,False,Change Variable Type|Extract Variable|Invert Condition|Rename Method,Change Variable Type|Extract Variable|Invert Condition|Rename Method,Change Variable Type,"Architecture smell: Cyclic Dependency. Metric cyclic_packages changed from 4 to 4. Commit message: TIKA-32 - remove useless CDATA clauses, and code cleanup - contributed by Keith R. Bennett, thanks!",Change Variable Type | Extract Variable | Invert Condition | Rename Method
tika,d3e678bf2c00961a33854ad3a0ecb0df7dd23b08,cfe3527af83d582d12a43a6f42ff30bd2d15a379,2007-09-26T05:28:51+00:00,"TIKA-32 - remove useless CDATA clauses, and code cleanup - contributed by Keith R. Bennett, thanks!",Hub-like Dependency,hub_like_packages,1,1,0,False,Change Variable Type|Extract Variable|Invert Condition|Rename Method,Change Variable Type|Extract Variable|Invert Condition|Rename Method,Change Variable Type,"Architecture smell: Hub-like Dependency. Metric hub_like_packages changed from 1 to 1. Commit message: TIKA-32 - remove useless CDATA clauses, and code cleanup - contributed by Keith R. Bennett, thanks!",Change Variable Type | Extract Variable | Invert Condition | Rename Method
tika,d3e678bf2c00961a33854ad3a0ecb0df7dd23b08,cfe3527af83d582d12a43a6f42ff30bd2d15a379,2007-09-26T05:28:51+00:00,"TIKA-32 - remove useless CDATA clauses, and code cleanup - contributed by Keith R. Bennett, thanks!",Large Component,large_packages,3,3,0,False,Change Variable Type|Extract Variable|Invert Condition|Rename Method,Change Variable Type|Extract Variable|Invert Condition|Rename Method,Change Variable Type,"Architecture smell: Large Component. Metric large_packages changed from 3 to 3. Commit message: TIKA-32 - remove useless CDATA clauses, and code cleanup - contributed by Keith R. Bennett, thanks!",Change Variable Type | Extract Variable | Invert Condition | Rename Method
tika,d3e678bf2c00961a33854ad3a0ecb0df7dd23b08,cfe3527af83d582d12a43a6f42ff30bd2d15a379,2007-09-26T05:28:51+00:00,"TIKA-32 - remove useless CDATA clauses, and code cleanup - contributed by Keith R. Bennett, thanks!",Excessive Package Coupling,package_edges,138,139,-1,False,Change Variable Type|Extract Variable|Invert Condition|Rename Method,Change Variable Type|Extract Variable|Invert Condition|Rename Method,Change Variable Type,"Architecture smell: Excessive Package Coupling. Metric package_edges changed from 138 to 139. Commit message: TIKA-32 - remove useless CDATA clauses, and code cleanup - contributed by Keith R. Bennett, thanks!",Change Variable Type | Extract Variable | Invert Condition | Rename Method
tika,7bdb1c8dea70014b3528736755868c526dfcf834,3db20898e5a5ed8fec5457f515d4441e17f178b2,2007-10-01T16:40:06+00:00,TIKA-35 Extract MsOffice properties. I have implement a method in Utils class that allows to copy InputStream in memory.,Cyclic Dependency,cyclic_packages,4,4,0,False,Change Variable Type|Extract Variable|Rename Method|Rename Variable,Change Variable Type|Extract Variable|Rename Method|Rename Variable,Change Variable Type,Architecture smell: Cyclic Dependency. Metric cyclic_packages changed from 4 to 4. Commit message: TIKA-35 Extract MsOffice properties. I have implement a method in Utils class that allows to copy InputStream in memory.,Change Variable Type | Extract Variable | Rename Method | Rename Variable
tika,7bdb1c8dea70014b3528736755868c526dfcf834,3db20898e5a5ed8fec5457f515d4441e17f178b2,2007-10-01T16:40:06+00:00,TIKA-35 Extract MsOffice properties. I have implement a method in Utils class that allows to copy InputStream in memory.,Hub-like Dependency,hub_like_packages,1,1,0,False,Change Variable Type|Extract Variable|Rename Method|Rename Variable,Change Variable Type|Extract Variable|Rename Method|Rename Variable,Change Variable Type,Architecture smell: Hub-like Dependency. Metric hub_like_packages changed from 1 to 1. Commit message: TIKA-35 Extract MsOffice properties. I have implement a method in Utils class that allows to copy InputStream in memory.,Change Variable Type | Extract Variable | Rename Method | Rename Variable
tika,7bdb1c8dea70014b3528736755868c526dfcf834,3db20898e5a5ed8fec5457f515d4441e17f178b2,2007-10-01T16:40:06+00:00,TIKA-35 Extract MsOffice properties. I have implement a method in Utils class that allows to copy InputStream in memory.,Large Component,large_packages,3,3,0,False,Change Variable Type|Extract Variable|Rename Method|Rename Variable,Change Variable Type|Extract Variable|Rename Method|Rename Variable,Change Variable Type,Architecture smell: Large Component. Metric large_packages changed from 3 to 3. Commit message: TIKA-35 Extract MsOffice properties. I have implement a method in Utils class that allows to copy InputStream in memory.,Change Variable Type | Extract Variable | Rename Method | Rename Variable
tika,7bdb1c8dea70014b3528736755868c526dfcf834,3db20898e5a5ed8fec5457f515d4441e17f178b2,2007-10-01T16:40:06+00:00,TIKA-35 Extract MsOffice properties. I have implement a method in Utils class that allows to copy InputStream in memory.,Excessive Package Coupling,package_edges,140,140,0,False,Change Variable Type|Extract Variable|Rename Method|Rename Variable,Change Variable Type|Extract Variable|Rename Method|Rename Variable,Change Variable Type,Architecture smell: Excessive Package Coupling. Metric package_edges changed from 140 to 140. Commit message: TIKA-35 Extract MsOffice properties. I have implement a method in Utils class that allows to copy InputStream in memory.,Change Variable Type | Extract Variable | Rename Method | Rename Variable
tika,a03498cc893044e1f4c01adbbfee13881b02f2db,701d4701b9ec9b523c687284f0f1a79bd8609d9d,2007-10-03T14:32:49+00:00,"TIKA-35 - Extract MsOffice properties, use RereadableInputStream developed by K. Bennett",Cyclic Dependency,cyclic_packages,4,4,0,False,Change Method Access Modifier|Extract Variable|Rename Method,Change Method Access Modifier|Extract Variable|Rename Method,Change Method Access Modifier,"Architecture smell: Cyclic Dependency. Metric cyclic_packages changed from 4 to 4. Commit message: TIKA-35 - Extract MsOffice properties, use RereadableInputStream developed by K. Bennett",Change Method Access Modifier | Extract Variable | Rename Method
tika,a03498cc893044e1f4c01adbbfee13881b02f2db,701d4701b9ec9b523c687284f0f1a79bd8609d9d,2007-10-03T14:32:49+00:00,"TIKA-35 - Extract MsOffice properties, use RereadableInputStream developed by K. Bennett",Hub-like Dependency,hub_like_packages,3,3,0,False,Change Method Access Modifier|Extract Variable|Rename Method,Change Method Access Modifier|Extract Variable|Rename Method,Change Method Access Modifier,"Architecture smell: Hub-like Dependency. Metric hub_like_packages changed from 3 to 3. Commit message: TIKA-35 - Extract MsOffice properties, use RereadableInputStream developed by K. Bennett",Change Method Access Modifier | Extract Variable | Rename Method
tika,a03498cc893044e1f4c01adbbfee13881b02f2db,701d4701b9ec9b523c687284f0f1a79bd8609d9d,2007-10-03T14:32:49+00:00,"TIKA-35 - Extract MsOffice properties, use RereadableInputStream developed by K. Bennett",Large Component,large_packages,3,3,0,False,Change Method Access Modifier|Extract Variable|Rename Method,Change Method Access Modifier|Extract Variable|Rename Method,Change Method Access Modifier,"Architecture smell: Large Component. Metric large_packages changed from 3 to 3. Commit message: TIKA-35 - Extract MsOffice properties, use RereadableInputStream developed by K. Bennett",Change Method Access Modifier | Extract Variable | Rename Method
tika,a03498cc893044e1f4c01adbbfee13881b02f2db,701d4701b9ec9b523c687284f0f1a79bd8609d9d,2007-10-03T14:32:49+00:00,"TIKA-35 - Extract MsOffice properties, use RereadableInputStream developed by K. Bennett",Excessive Package Coupling,package_edges,141,141,0,False,Change Method Access Modifier|Extract Variable|Rename Method,Change Method Access Modifier|Extract Variable|Rename Method,Change Method Access Modifier,"Architecture smell: Excessive Package Coupling. Metric package_edges changed from 141 to 141. Commit message: TIKA-35 - Extract MsOffice properties, use RereadableInputStream developed by K. Bennett",Change Method Access Modifier | Extract Variable | Rename Method
tika,62e58ea2e8ccd2ef1a968349408c990914efa6b6,58c236093a69b39dd98203eb92dc31db549eaf60,2007-10-07T22:01:55+00:00,TIKA-46 - Use Metadata in Parser     - Moved metadata configuration to the Parser classes     - Removed the Content class,Cyclic Dependency,cyclic_packages,5,4,1,True,Change Return Type|Inline Variable|Remove Parameter|Rename Variable|Replace Attribute With Variable|Split Parameter,Change Return Type|Inline Variable|Remove Parameter|Rename Variable|Replace Attribute With Variable|Split Parameter,Change Return Type,Architecture smell: Cyclic Dependency. Metric cyclic_packages changed from 5 to 4. Commit message: TIKA-46 - Use Metadata in Parser     - Moved metadata configuration to the Parser classes     - Removed the Content class,Change Return Type | Inline Variable | Remove Parameter | Rename Variable | Replace Attribute With Variable | Split Parameter
tika,62e58ea2e8ccd2ef1a968349408c990914efa6b6,58c236093a69b39dd98203eb92dc31db549eaf60,2007-10-07T22:01:55+00:00,TIKA-46 - Use Metadata in Parser     - Moved metadata configuration to the Parser classes     - Removed the Content class,Hub-like Dependency,hub_like_packages,3,1,2,True,Change Return Type|Inline Variable|Remove Parameter|Rename Variable|Replace Attribute With Variable|Split Parameter,Change Return Type|Inline Variable|Remove Parameter|Rename Variable|Replace Attribute With Variable|Split Parameter,Change Return Type,Architecture smell: Hub-like Dependency. Metric hub_like_packages changed from 3 to 1. Commit message: TIKA-46 - Use Metadata in Parser     - Moved metadata configuration to the Parser classes     - Removed the Content class,Change Return Type | Inline Variable | Remove Parameter | Rename Variable | Replace Attribute With Variable | Split Parameter
tika,62e58ea2e8ccd2ef1a968349408c990914efa6b6,58c236093a69b39dd98203eb92dc31db549eaf60,2007-10-07T22:01:55+00:00,TIKA-46 - Use Metadata in Parser     - Moved metadata configuration to the Parser classes     - Removed the Content class,Large Component,large_packages,3,3,0,False,Change Return Type|Inline Variable|Remove Parameter|Rename Variable|Replace Attribute With Variable|Split Parameter,Change Return Type|Inline Variable|Remove Parameter|Rename Variable|Replace Attribute With Variable|Split Parameter,Change Return Type,Architecture smell: Large Component. Metric large_packages changed from 3 to 3. Commit message: TIKA-46 - Use Metadata in Parser     - Moved metadata configuration to the Parser classes     - Removed the Content class,Change Return Type | Inline Variable | Remove Parameter | Rename Variable | Replace Attribute With Variable | Split Parameter
tika,62e58ea2e8ccd2ef1a968349408c990914efa6b6,58c236093a69b39dd98203eb92dc31db549eaf60,2007-10-07T22:01:55+00:00,TIKA-46 - Use Metadata in Parser     - Moved metadata configuration to the Parser classes     - Removed the Content class,Excessive Package Coupling,package_edges,151,139,12,True,Change Return Type|Inline Variable|Remove Parameter|Rename Variable|Replace Attribute With Variable|Split Parameter,Change Return Type|Inline Variable|Remove Parameter|Rename Variable|Replace Attribute With Variable|Split Parameter,Change Return Type,Architecture smell: Excessive Package Coupling. Metric package_edges changed from 151 to 139. Commit message: TIKA-46 - Use Metadata in Parser     - Moved metadata configuration to the Parser classes     - Removed the Content class,Change Return Type | Inline Variable | Remove Parameter | Rename Variable | Replace Attribute With Variable | Split Parameter
tika,aceff84889da091010bcd893809427428a8b68a6,62e58ea2e8ccd2ef1a968349408c990914efa6b6,2007-10-07T22:52:54+00:00,"TIKA-48 - Merge MS Extractors and Parsers     - Moved MSExtractor base class to org.apache.tika.ms.MSParser     - Extracted the PropertiesReaderListener class to a top level class     - Merged MS Extractor classes to MS Parsers     - Refactored the Excel parsing functionality into smaller methods     - Various cleanups (indentation, formatting, etc.)",Cyclic Dependency,cyclic_packages,4,4,0,False,Change Attribute Access Modifier|Change Attribute Type|Change Class Access Modifier|Change Method Access Modifier|Change Parameter Type|Change Thrown Exception Type|Extract Method|Inline Variable|Move And Rename Class|Move Class|Move Method|Remove Attribute Modifier|Remove Parameter Modifier|Rename Attribute|Rename Method|Rename Parameter|Rename Variable|Replace Attribute With Variable,Move Class|Move Method|Change Attribute Access Modifier|Change Attribute Type|Change Class Access Modifier|Change Method Access Modifier|Change Parameter Type|Change Thrown Exception Type|Extract Method|Inline Variable|Move And Rename Class|Remove Attribute Modifier|Remove Parameter Modifier|Rename Attribute|Rename Method|Rename Parameter|Rename Variable|Replace Attribute With Variable,Move Class,"Architecture smell: Cyclic Dependency. Metric cyclic_packages changed from 4 to 4. Commit message: TIKA-48 - Merge MS Extractors and Parsers     - Moved MSExtractor base class to org.apache.tika.ms.MSParser     - Extracted the PropertiesReaderListener class to a top level class     - Merged MS Extractor classes to MS Parsers     - Refactored the Excel parsing functionality into smaller methods     - Various cleanups (indentation, formatting, etc.)",Move Class | Move Method | Change Attribute Access Modifier | Change Attribute Type | Change Class Access Modifier | Change Method Access Modifier | Change Parameter Type | Change Thrown Exception Type | Extract Method | Inline Variable | Move And Rename Class | Remove Attribute Modifier | Remove Parameter Modifier | Rename Attribute | Rename Method | Rename Parameter | Rename Variable | Replace Attribute With Variable
tika,aceff84889da091010bcd893809427428a8b68a6,62e58ea2e8ccd2ef1a968349408c990914efa6b6,2007-10-07T22:52:54+00:00,"TIKA-48 - Merge MS Extractors and Parsers     - Moved MSExtractor base class to org.apache.tika.ms.MSParser     - Extracted the PropertiesReaderListener class to a top level class     - Merged MS Extractor classes to MS Parsers     - Refactored the Excel parsing functionality into smaller methods     - Various cleanups (indentation, formatting, etc.)",Hub-like Dependency,hub_like_packages,1,0,1,True,Change Attribute Access Modifier|Change Attribute Type|Change Class Access Modifier|Change Method Access Modifier|Change Parameter Type|Change Thrown Exception Type|Extract Method|Inline Variable|Move And Rename Class|Move Class|Move Method|Remove Attribute Modifier|Remove Parameter Modifier|Rename Attribute|Rename Method|Rename Parameter|Rename Variable|Replace Attribute With Variable,Extract Method|Move Class|Move Method|Change Attribute Access Modifier|Change Attribute Type|Change Class Access Modifier|Change Method Access Modifier|Change Parameter Type|Change Thrown Exception Type|Inline Variable|Move And Rename Class|Remove Attribute Modifier|Remove Parameter Modifier|Rename Attribute|Rename Method|Rename Parameter|Rename Variable|Replace Attribute With Variable,Extract Method,"Architecture smell: Hub-like Dependency. Metric hub_like_packages changed from 1 to 0. Commit message: TIKA-48 - Merge MS Extractors and Parsers     - Moved MSExtractor base class to org.apache.tika.ms.MSParser     - Extracted the PropertiesReaderListener class to a top level class     - Merged MS Extractor classes to MS Parsers     - Refactored the Excel parsing functionality into smaller methods     - Various cleanups (indentation, formatting, etc.)",Extract Method | Move Class | Move Method | Change Attribute Access Modifier | Change Attribute Type | Change Class Access Modifier | Change Method Access Modifier | Change Parameter Type | Change Thrown Exception Type | Inline Variable | Move And Rename Class | Remove Attribute Modifier | Remove Parameter Modifier | Rename Attribute | Rename Method | Rename Parameter | Rename Variable | Replace Attribute With Variable
tika,aceff84889da091010bcd893809427428a8b68a6,62e58ea2e8ccd2ef1a968349408c990914efa6b6,2007-10-07T22:52:54+00:00,"TIKA-48 - Merge MS Extractors and Parsers     - Moved MSExtractor base class to org.apache.tika.ms.MSParser     - Extracted the PropertiesReaderListener class to a top level class     - Merged MS Extractor classes to MS Parsers     - Refactored the Excel parsing functionality into smaller methods     - Various cleanups (indentation, formatting, etc.)",Large Component,large_packages,3,2,1,True,Change Attribute Access Modifier|Change Attribute Type|Change Class Access Modifier|Change Method Access Modifier|Change Parameter Type|Change Thrown Exception Type|Extract Method|Inline Variable|Move And Rename Class|Move Class|Move Method|Remove Attribute Modifier|Remove Parameter Modifier|Rename Attribute|Rename Method|Rename Parameter|Rename Variable|Replace Attribute With Variable,Extract Method|Move Method|Change Attribute Access Modifier|Change Attribute Type|Change Class Access Modifier|Change Method Access Modifier|Change Parameter Type|Change Thrown Exception Type|Inline Variable|Move And Rename Class|Move Class|Remove Attribute Modifier|Remove Parameter Modifier|Rename Attribute|Rename Method|Rename Parameter|Rename Variable|Replace Attribute With Variable,Extract Method,"Architecture smell: Large Component. Metric large_packages changed from 3 to 2. Commit message: TIKA-48 - Merge MS Extractors and Parsers     - Moved MSExtractor base class to org.apache.tika.ms.MSParser     - Extracted the PropertiesReaderListener class to a top level class     - Merged MS Extractor classes to MS Parsers     - Refactored the Excel parsing functionality into smaller methods     - Various cleanups (indentation, formatting, etc.)",Extract Method | Move Method | Change Attribute Access Modifier | Change Attribute Type | Change Class Access Modifier | Change Method Access Modifier | Change Parameter Type | Change Thrown Exception Type | Inline Variable | Move And Rename Class | Move Class | Remove Attribute Modifier | Remove Parameter Modifier | Rename Attribute | Rename Method | Rename Parameter | Rename Variable | Replace Attribute With Variable
tika,aceff84889da091010bcd893809427428a8b68a6,62e58ea2e8ccd2ef1a968349408c990914efa6b6,2007-10-07T22:52:54+00:00,"TIKA-48 - Merge MS Extractors and Parsers     - Moved MSExtractor base class to org.apache.tika.ms.MSParser     - Extracted the PropertiesReaderListener class to a top level class     - Merged MS Extractor classes to MS Parsers     - Refactored the Excel parsing functionality into smaller methods     - Various cleanups (indentation, formatting, etc.)",Excessive Package Coupling,package_edges,139,135,4,True,Change Attribute Access Modifier|Change Attribute Type|Change Class Access Modifier|Change Method Access Modifier|Change Parameter Type|Change Thrown Exception Type|Extract Method|Inline Variable|Move And Rename Class|Move Class|Move Method|Remove Attribute Modifier|Remove Parameter Modifier|Rename Attribute|Rename Method|Rename Parameter|Rename Variable|Replace Attribute With Variable,Move Class|Move Method|Change Attribute Access Modifier|Change Attribute Type|Change Class Access Modifier|Change Method Access Modifier|Change Parameter Type|Change Thrown Exception Type|Extract Method|Inline Variable|Move And Rename Class|Remove Attribute Modifier|Remove Parameter Modifier|Rename Attribute|Rename Method|Rename Parameter|Rename Variable|Replace Attribute With Variable,Move Class,"Architecture smell: Excessive Package Coupling. Metric package_edges changed from 139 to 135. Commit message: TIKA-48 - Merge MS Extractors and Parsers     - Moved MSExtractor base class to org.apache.tika.ms.MSParser     - Extracted the PropertiesReaderListener class to a top level class     - Merged MS Extractor classes to MS Parsers     - Refactored the Excel parsing functionality into smaller methods     - Various cleanups (indentation, formatting, etc.)",Move Class | Move Method | Change Attribute Access Modifier | Change Attribute Type | Change Class Access Modifier | Change Method Access Modifier | Change Parameter Type | Change Thrown Exception Type | Extract Method | Inline Variable | Move And Rename Class | Remove Attribute Modifier | Remove Parameter Modifier | Rename Attribute | Rename Method | Rename Parameter | Rename Variable | Replace Attribute With Variable
tika,d064cb2f7ffd58893e05e327144816ddee6842da,c943f692982b70a43b4ddec37bc40e2a3de2d318,2007-10-12T07:57:10+00:00,TIKA-57 - Rename org.apache.tika.ms to org.apache.tika.parser.ms,Cyclic Dependency,cyclic_packages,4,4,0,False,Move Class,Move Class,Move Class,Architecture smell: Cyclic Dependency. Metric cyclic_packages changed from 4 to 4. Commit message: TIKA-57 - Rename org.apache.tika.ms to org.apache.tika.parser.ms,Move Class
tika,d064cb2f7ffd58893e05e327144816ddee6842da,c943f692982b70a43b4ddec37bc40e2a3de2d318,2007-10-12T07:57:10+00:00,TIKA-57 - Rename org.apache.tika.ms to org.apache.tika.parser.ms,Hub-like Dependency,hub_like_packages,1,1,0,False,Move Class,Move Class,Move Class,Architecture smell: Hub-like Dependency. Metric hub_like_packages changed from 1 to 1. Commit message: TIKA-57 - Rename org.apache.tika.ms to org.apache.tika.parser.ms,Move Class
tika,d064cb2f7ffd58893e05e327144816ddee6842da,c943f692982b70a43b4ddec37bc40e2a3de2d318,2007-10-12T07:57:10+00:00,TIKA-57 - Rename org.apache.tika.ms to org.apache.tika.parser.ms,Large Component,large_packages,3,3,0,False,Move Class,Move Class,Move Class,Architecture smell: Large Component. Metric large_packages changed from 3 to 3. Commit message: TIKA-57 - Rename org.apache.tika.ms to org.apache.tika.parser.ms,Move Class
tika,d064cb2f7ffd58893e05e327144816ddee6842da,c943f692982b70a43b4ddec37bc40e2a3de2d318,2007-10-12T07:57:10+00:00,TIKA-57 - Rename org.apache.tika.ms to org.apache.tika.parser.ms,Excessive Package Coupling,package_edges,150,150,0,False,Move Class,Move Class,Move Class,Architecture smell: Excessive Package Coupling. Metric package_edges changed from 150 to 150. Commit message: TIKA-57 - Rename org.apache.tika.ms to org.apache.tika.parser.ms,Move Class
tika,3fb58b7b5dc6381b8bc717663ae7d3fd517394cd,5e0a2b3e155ca8767e3b1b24bd1528a3ae3dc9ff,2007-10-14T12:24:19+00:00,TIKA-60 - Rename Microsoft parser classes,Cyclic Dependency,cyclic_packages,4,4,0,False,Merge Package|Move And Rename Class|Move Class,Move Class|Merge Package|Move And Rename Class,Move Class,Architecture smell: Cyclic Dependency. Metric cyclic_packages changed from 4 to 4. Commit message: TIKA-60 - Rename Microsoft parser classes,Move Class | Merge Package | Move And Rename Class
tika,3fb58b7b5dc6381b8bc717663ae7d3fd517394cd,5e0a2b3e155ca8767e3b1b24bd1528a3ae3dc9ff,2007-10-14T12:24:19+00:00,TIKA-60 - Rename Microsoft parser classes,Hub-like Dependency,hub_like_packages,1,1,0,False,Merge Package|Move And Rename Class|Move Class,Move Class|Merge Package|Move And Rename Class,Move Class,Architecture smell: Hub-like Dependency. Metric hub_like_packages changed from 1 to 1. Commit message: TIKA-60 - Rename Microsoft parser classes,Move Class | Merge Package | Move And Rename Class
tika,3fb58b7b5dc6381b8bc717663ae7d3fd517394cd,5e0a2b3e155ca8767e3b1b24bd1528a3ae3dc9ff,2007-10-14T12:24:19+00:00,TIKA-60 - Rename Microsoft parser classes,Large Component,large_packages,3,3,0,False,Merge Package|Move And Rename Class|Move Class,Merge Package|Move And Rename Class|Move Class,Merge Package,Architecture smell: Large Component. Metric large_packages changed from 3 to 3. Commit message: TIKA-60 - Rename Microsoft parser classes,Merge Package | Move And Rename Class | Move Class
tika,3fb58b7b5dc6381b8bc717663ae7d3fd517394cd,5e0a2b3e155ca8767e3b1b24bd1528a3ae3dc9ff,2007-10-14T12:24:19+00:00,TIKA-60 - Rename Microsoft parser classes,Excessive Package Coupling,package_edges,146,131,15,True,Merge Package|Move And Rename Class|Move Class,Move Class|Merge Package|Move And Rename Class,Move Class,Architecture smell: Excessive Package Coupling. Metric package_edges changed from 146 to 131. Commit message: TIKA-60 - Rename Microsoft parser classes,Move Class | Merge Package | Move And Rename Class
tika,e759bbbc8afcc8d490562eb08c14a10c509adc20,3fb58b7b5dc6381b8bc717663ae7d3fd517394cd,2007-10-14T12:39:45+00:00,TIKA-60 - Rename Microsoft parser classes,Cyclic Dependency,cyclic_packages,4,4,0,False,Rename Class,Rename Class,Rename Class,Architecture smell: Cyclic Dependency. Metric cyclic_packages changed from 4 to 4. Commit message: TIKA-60 - Rename Microsoft parser classes,Rename Class
tika,e759bbbc8afcc8d490562eb08c14a10c509adc20,3fb58b7b5dc6381b8bc717663ae7d3fd517394cd,2007-10-14T12:39:45+00:00,TIKA-60 - Rename Microsoft parser classes,Hub-like Dependency,hub_like_packages,1,1,0,False,Rename Class,Rename Class,Rename Class,Architecture smell: Hub-like Dependency. Metric hub_like_packages changed from 1 to 1. Commit message: TIKA-60 - Rename Microsoft parser classes,Rename Class
tika,e759bbbc8afcc8d490562eb08c14a10c509adc20,3fb58b7b5dc6381b8bc717663ae7d3fd517394cd,2007-10-14T12:39:45+00:00,TIKA-60 - Rename Microsoft parser classes,Large Component,large_packages,3,3,0,False,Rename Class,Rename Class,Rename Class,Architecture smell: Large Component. Metric large_packages changed from 3 to 3. Commit message: TIKA-60 - Rename Microsoft parser classes,Rename Class
tika,e759bbbc8afcc8d490562eb08c14a10c509adc20,3fb58b7b5dc6381b8bc717663ae7d3fd517394cd,2007-10-14T12:39:45+00:00,TIKA-60 - Rename Microsoft parser classes,Excessive Package Coupling,package_edges,131,131,0,False,Rename Class,Rename Class,Rename Class,Architecture smell: Excessive Package Coupling. Metric package_edges changed from 131 to 131. Commit message: TIKA-60 - Rename Microsoft parser classes,Rename Class
tika,9fce256813d12e7aeef73bfc6ed3896ad414dc24,1081cb5beded2bd1228de19f74c6349ca674afed,2007-10-14T20:07:20+00:00,TIKA-66 - Use Java 5 features in org.apache.tika.mime     - Use Java 5 generics and foreach constructs to simplify code     - Removed some unused variables and method parameters     - Other minor cleanups,Cyclic Dependency,cyclic_packages,4,4,0,False,Add Attribute Modifier|Change Attribute Type|Change Parameter Type|Change Variable Type|Inline Variable|Invert Condition|Move And Inline Method|Remove Parameter|Rename Variable,Add Attribute Modifier|Change Attribute Type|Change Parameter Type|Change Variable Type|Inline Variable|Invert Condition|Move And Inline Method|Remove Parameter|Rename Variable,Add Attribute Modifier,Architecture smell: Cyclic Dependency. Metric cyclic_packages changed from 4 to 4. Commit message: TIKA-66 - Use Java 5 features in org.apache.tika.mime     - Use Java 5 generics and foreach constructs to simplify code     - Removed some unused variables and method parameters     - Other minor cleanups,Add Attribute Modifier | Change Attribute Type | Change Parameter Type | Change Variable Type | Inline Variable | Invert Condition | Move And Inline Method | Remove Parameter | Rename Variable
tika,9fce256813d12e7aeef73bfc6ed3896ad414dc24,1081cb5beded2bd1228de19f74c6349ca674afed,2007-10-14T20:07:20+00:00,TIKA-66 - Use Java 5 features in org.apache.tika.mime     - Use Java 5 generics and foreach constructs to simplify code     - Removed some unused variables and method parameters     - Other minor cleanups,Hub-like Dependency,hub_like_packages,1,1,0,False,Add Attribute Modifier|Change Attribute Type|Change Parameter Type|Change Variable Type|Inline Variable|Invert Condition|Move And Inline Method|Remove Parameter|Rename Variable,Add Attribute Modifier|Change Attribute Type|Change Parameter Type|Change Variable Type|Inline Variable|Invert Condition|Move And Inline Method|Remove Parameter|Rename Variable,Add Attribute Modifier,Architecture smell: Hub-like Dependency. Metric hub_like_packages changed from 1 to 1. Commit message: TIKA-66 - Use Java 5 features in org.apache.tika.mime     - Use Java 5 generics and foreach constructs to simplify code     - Removed some unused variables and method parameters     - Other minor cleanups,Add Attribute Modifier | Change Attribute Type | Change Parameter Type | Change Variable Type | Inline Variable | Invert Condition | Move And Inline Method | Remove Parameter | Rename Variable
tika,9fce256813d12e7aeef73bfc6ed3896ad414dc24,1081cb5beded2bd1228de19f74c6349ca674afed,2007-10-14T20:07:20+00:00,TIKA-66 - Use Java 5 features in org.apache.tika.mime     - Use Java 5 generics and foreach constructs to simplify code     - Removed some unused variables and method parameters     - Other minor cleanups,Large Component,large_packages,3,3,0,False,Add Attribute Modifier|Change Attribute Type|Change Parameter Type|Change Variable Type|Inline Variable|Invert Condition|Move And Inline Method|Remove Parameter|Rename Variable,Add Attribute Modifier|Change Attribute Type|Change Parameter Type|Change Variable Type|Inline Variable|Invert Condition|Move And Inline Method|Remove Parameter|Rename Variable,Add Attribute Modifier,Architecture smell: Large Component. Metric large_packages changed from 3 to 3. Commit message: TIKA-66 - Use Java 5 features in org.apache.tika.mime     - Use Java 5 generics and foreach constructs to simplify code     - Removed some unused variables and method parameters     - Other minor cleanups,Add Attribute Modifier | Change Attribute Type | Change Parameter Type | Change Variable Type | Inline Variable | Invert Condition | Move And Inline Method | Remove Parameter | Rename Variable
tika,9fce256813d12e7aeef73bfc6ed3896ad414dc24,1081cb5beded2bd1228de19f74c6349ca674afed,2007-10-14T20:07:20+00:00,TIKA-66 - Use Java 5 features in org.apache.tika.mime     - Use Java 5 generics and foreach constructs to simplify code     - Removed some unused variables and method parameters     - Other minor cleanups,Excessive Package Coupling,package_edges,130,130,0,False,Add Attribute Modifier|Change Attribute Type|Change Parameter Type|Change Variable Type|Inline Variable|Invert Condition|Move And Inline Method|Remove Parameter|Rename Variable,Add Attribute Modifier|Change Attribute Type|Change Parameter Type|Change Variable Type|Inline Variable|Invert Condition|Move And Inline Method|Remove Parameter|Rename Variable,Add Attribute Modifier,Architecture smell: Excessive Package Coupling. Metric package_edges changed from 130 to 130. Commit message: TIKA-66 - Use Java 5 features in org.apache.tika.mime     - Use Java 5 generics and foreach constructs to simplify code     - Removed some unused variables and method parameters     - Other minor cleanups,Add Attribute Modifier | Change Attribute Type | Change Parameter Type | Change Variable Type | Inline Variable | Invert Condition | Move And Inline Method | Remove Parameter | Rename Variable
tika,b0a87ad5afe05da5087209062c229a53921ca3bf,a328f9c6ad676d51c34c7dd8584bac72438f99dd,2007-10-15T18:48:11+00:00,remove failing test temporarily,Cyclic Dependency,cyclic_packages,4,4,0,False,Rename Method,Rename Method,Rename Method,Architecture smell: Cyclic Dependency. Metric cyclic_packages changed from 4 to 4. Commit message: remove failing test temporarily,Rename Method
tika,b0a87ad5afe05da5087209062c229a53921ca3bf,a328f9c6ad676d51c34c7dd8584bac72438f99dd,2007-10-15T18:48:11+00:00,remove failing test temporarily,Hub-like Dependency,hub_like_packages,1,1,0,False,Rename Method,Rename Method,Rename Method,Architecture smell: Hub-like Dependency. Metric hub_like_packages changed from 1 to 1. Commit message: remove failing test temporarily,Rename Method
tika,b0a87ad5afe05da5087209062c229a53921ca3bf,a328f9c6ad676d51c34c7dd8584bac72438f99dd,2007-10-15T18:48:11+00:00,remove failing test temporarily,Large Component,large_packages,3,3,0,False,Rename Method,Rename Method,Rename Method,Architecture smell: Large Component. Metric large_packages changed from 3 to 3. Commit message: remove failing test temporarily,Rename Method
tika,b0a87ad5afe05da5087209062c229a53921ca3bf,a328f9c6ad676d51c34c7dd8584bac72438f99dd,2007-10-15T18:48:11+00:00,remove failing test temporarily,Excessive Package Coupling,package_edges,133,133,0,False,Rename Method,Rename Method,Rename Method,Architecture smell: Excessive Package Coupling. Metric package_edges changed from 133 to 133. Commit message: remove failing test temporarily,Rename Method
tika,580824e1088af50d5556e2a01d71311a42a74edc,e1da9a1fc19aa951fca916c850250ebb58eb8675,2007-10-16T16:11:00+00:00,TIKA-71 - Remove ParserConfig and ParserFactory,Cyclic Dependency,cyclic_packages,4,4,0,False,Change Attribute Type|Change Return Type|Change Variable Type|Inline Variable|Rename Attribute|Rename Method|Rename Variable,Change Attribute Type|Change Return Type|Change Variable Type|Inline Variable|Rename Attribute|Rename Method|Rename Variable,Change Attribute Type,Architecture smell: Cyclic Dependency. Metric cyclic_packages changed from 4 to 4. Commit message: TIKA-71 - Remove ParserConfig and ParserFactory,Change Attribute Type | Change Return Type | Change Variable Type | Inline Variable | Rename Attribute | Rename Method | Rename Variable
tika,580824e1088af50d5556e2a01d71311a42a74edc,e1da9a1fc19aa951fca916c850250ebb58eb8675,2007-10-16T16:11:00+00:00,TIKA-71 - Remove ParserConfig and ParserFactory,Hub-like Dependency,hub_like_packages,1,1,0,False,Change Attribute Type|Change Return Type|Change Variable Type|Inline Variable|Rename Attribute|Rename Method|Rename Variable,Change Attribute Type|Change Return Type|Change Variable Type|Inline Variable|Rename Attribute|Rename Method|Rename Variable,Change Attribute Type,Architecture smell: Hub-like Dependency. Metric hub_like_packages changed from 1 to 1. Commit message: TIKA-71 - Remove ParserConfig and ParserFactory,Change Attribute Type | Change Return Type | Change Variable Type | Inline Variable | Rename Attribute | Rename Method | Rename Variable
tika,580824e1088af50d5556e2a01d71311a42a74edc,e1da9a1fc19aa951fca916c850250ebb58eb8675,2007-10-16T16:11:00+00:00,TIKA-71 - Remove ParserConfig and ParserFactory,Large Component,large_packages,3,3,0,False,Change Attribute Type|Change Return Type|Change Variable Type|Inline Variable|Rename Attribute|Rename Method|Rename Variable,Change Attribute Type|Change Return Type|Change Variable Type|Inline Variable|Rename Attribute|Rename Method|Rename Variable,Change Attribute Type,Architecture smell: Large Component. Metric large_packages changed from 3 to 3. Commit message: TIKA-71 - Remove ParserConfig and ParserFactory,Change Attribute Type | Change Return Type | Change Variable Type | Inline Variable | Rename Attribute | Rename Method | Rename Variable
tika,580824e1088af50d5556e2a01d71311a42a74edc,e1da9a1fc19aa951fca916c850250ebb58eb8675,2007-10-16T16:11:00+00:00,TIKA-71 - Remove ParserConfig and ParserFactory,Excessive Package Coupling,package_edges,136,135,1,True,Change Attribute Type|Change Return Type|Change Variable Type|Inline Variable|Rename Attribute|Rename Method|Rename Variable,Change Attribute Type|Change Return Type|Change Variable Type|Inline Variable|Rename Attribute|Rename Method|Rename Variable,Change Attribute Type,Architecture smell: Excessive Package Coupling. Metric package_edges changed from 136 to 135. Commit message: TIKA-71 - Remove ParserConfig and ParserFactory,Change Attribute Type | Change Return Type | Change Variable Type | Inline Variable | Rename Attribute | Rename Method | Rename Variable
tika,a8d1e675a2c18e67b534df31823214d8c917c07c,9ffdd5470b4b66c62b21dac13cb278acf2cad48b,2007-10-17T18:57:23+00:00,"TIKA-72: As per Chris' suggestion, moved RESOURCE_NAME_KEY from Metadata to new interface TikaMetadataKeys, and changed Metadata to implement TikaMetadataKeys.",Cyclic Dependency,cyclic_packages,4,4,0,False,Extract Interface|Pull Up Attribute,Extract Interface|Pull Up Attribute,Extract Interface,"Architecture smell: Cyclic Dependency. Metric cyclic_packages changed from 4 to 4. Commit message: TIKA-72: As per Chris' suggestion, moved RESOURCE_NAME_KEY from Metadata to new interface TikaMetadataKeys, and changed Metadata to implement TikaMetadataKeys.",Extract Interface | Pull Up Attribute
tika,a8d1e675a2c18e67b534df31823214d8c917c07c,9ffdd5470b4b66c62b21dac13cb278acf2cad48b,2007-10-17T18:57:23+00:00,"TIKA-72: As per Chris' suggestion, moved RESOURCE_NAME_KEY from Metadata to new interface TikaMetadataKeys, and changed Metadata to implement TikaMetadataKeys.",Hub-like Dependency,hub_like_packages,1,1,0,False,Extract Interface|Pull Up Attribute,Extract Interface|Pull Up Attribute,Extract Interface,"Architecture smell: Hub-like Dependency. Metric hub_like_packages changed from 1 to 1. Commit message: TIKA-72: As per Chris' suggestion, moved RESOURCE_NAME_KEY from Metadata to new interface TikaMetadataKeys, and changed Metadata to implement TikaMetadataKeys.",Extract Interface | Pull Up Attribute
tika,a8d1e675a2c18e67b534df31823214d8c917c07c,9ffdd5470b4b66c62b21dac13cb278acf2cad48b,2007-10-17T18:57:23+00:00,"TIKA-72: As per Chris' suggestion, moved RESOURCE_NAME_KEY from Metadata to new interface TikaMetadataKeys, and changed Metadata to implement TikaMetadataKeys.",Large Component,large_packages,3,4,-1,False,Extract Interface|Pull Up Attribute,Extract Interface|Pull Up Attribute,Extract Interface,"Architecture smell: Large Component. Metric large_packages changed from 3 to 4. Commit message: TIKA-72: As per Chris' suggestion, moved RESOURCE_NAME_KEY from Metadata to new interface TikaMetadataKeys, and changed Metadata to implement TikaMetadataKeys.",Extract Interface | Pull Up Attribute
tika,a8d1e675a2c18e67b534df31823214d8c917c07c,9ffdd5470b4b66c62b21dac13cb278acf2cad48b,2007-10-17T18:57:23+00:00,"TIKA-72: As per Chris' suggestion, moved RESOURCE_NAME_KEY from Metadata to new interface TikaMetadataKeys, and changed Metadata to implement TikaMetadataKeys.",Excessive Package Coupling,package_edges,135,135,0,False,Extract Interface|Pull Up Attribute,Extract Interface|Pull Up Attribute,Extract Interface,"Architecture smell: Excessive Package Coupling. Metric package_edges changed from 135 to 135. Commit message: TIKA-72: As per Chris' suggestion, moved RESOURCE_NAME_KEY from Metadata to new interface TikaMetadataKeys, and changed Metadata to implement TikaMetadataKeys.",Extract Interface | Pull Up Attribute
maven,0abaebbe2917f4757859e6bf5b05da7e13a843b0,7cbde03de8101ef94f3f193f153e731570769247,2004-01-27T18:58:11+00:00,o general cleanup o add the ability to deal with test resources,Excessive Package Coupling,package_edges,9,9,0,False,Extract Method|Rename Attribute,Extract Method|Rename Attribute,Extract Method,Architecture smell: Excessive Package Coupling. Metric package_edges changed from 9 to 9. Commit message: o general cleanup o add the ability to deal with test resources,Extract Method | Rename Attribute
maven,072609e0b3788efd42acaf3394f7a41ed8326cfa,dd4fc3384fa78ba3335f7075f0e111ff45f681d5,2004-06-11T16:14:40+00:00,o cleaning up the @tags which are now a lot more simple,Excessive Package Coupling,package_edges,29,27,2,True,Rename Class,Rename Class,Rename Class,Architecture smell: Excessive Package Coupling. Metric package_edges changed from 29 to 27. Commit message: o cleaning up the @tags which are now a lot more simple,Rename Class
maven,b36d96471545150e531d2b26ff1ebc31e41754e7,8430b7b9cf599361980751aa99914714da49d337,2004-06-14T07:41:08+00:00,Move Resources plugin to o.a.m.plugin.resources package.,Excessive Package Coupling,package_edges,27,29,-2,False,Move And Rename Class|Move Class,Move Class|Move And Rename Class,Move Class,Architecture smell: Excessive Package Coupling. Metric package_edges changed from 27 to 29. Commit message: Move Resources plugin to o.a.m.plugin.resources package.,Move Class | Move And Rename Class
camel,9c15e67cde9c4d17f2dfba9c9a3fc3a3dbb9d401,77b260b65ba821b3443d922320cc3d9b708c8d83,2007-03-19T11:00:33+00:00,Moved the modules up out of the camel directory,Cyclic Dependency,cyclic_packages,4,4,0,False,Move Source Folder,Move Source Folder,Move Source Folder,Architecture smell: Cyclic Dependency. Metric cyclic_packages changed from 4 to 4. Commit message: Moved the modules up out of the camel directory,Move Source Folder
camel,9c15e67cde9c4d17f2dfba9c9a3fc3a3dbb9d401,77b260b65ba821b3443d922320cc3d9b708c8d83,2007-03-19T11:00:33+00:00,Moved the modules up out of the camel directory,Large Component,large_packages,1,1,0,False,Move Source Folder,Move Source Folder,Move Source Folder,Architecture smell: Large Component. Metric large_packages changed from 1 to 1. Commit message: Moved the modules up out of the camel directory,Move Source Folder
camel,9c15e67cde9c4d17f2dfba9c9a3fc3a3dbb9d401,77b260b65ba821b3443d922320cc3d9b708c8d83,2007-03-19T11:00:33+00:00,Moved the modules up out of the camel directory,Excessive Package Coupling,package_edges,20,20,0,False,Move Source Folder,Move Source Folder,Move Source Folder,Architecture smell: Excessive Package Coupling. Metric package_edges changed from 20 to 20. Commit message: Moved the modules up out of the camel directory,Move Source Folder
camel,d5e6b38aee4c69c2a1c06f032dad88a41d5e3e86,e7c6c8095ebaff15a22d13113f9c701b498b3e22,2007-03-19T18:26:09+00:00,renamed the seda component to queue,Cyclic Dependency,cyclic_packages,3,3,0,False,Change Attribute Type|Change Parameter Type|Change Return Type|Move And Rename Class|Rename Package,Change Attribute Type|Change Parameter Type|Change Return Type|Move And Rename Class|Rename Package,Change Attribute Type,Architecture smell: Cyclic Dependency. Metric cyclic_packages changed from 3 to 3. Commit message: renamed the seda component to queue,Change Attribute Type | Change Parameter Type | Change Return Type | Move And Rename Class | Rename Package
camel,d5e6b38aee4c69c2a1c06f032dad88a41d5e3e86,e7c6c8095ebaff15a22d13113f9c701b498b3e22,2007-03-19T18:26:09+00:00,renamed the seda component to queue,Large Component,large_packages,1,1,0,False,Change Attribute Type|Change Parameter Type|Change Return Type|Move And Rename Class|Rename Package,Change Attribute Type|Change Parameter Type|Change Return Type|Move And Rename Class|Rename Package,Change Attribute Type,Architecture smell: Large Component. Metric large_packages changed from 1 to 1. Commit message: renamed the seda component to queue,Change Attribute Type | Change Parameter Type | Change Return Type | Move And Rename Class | Rename Package
camel,d5e6b38aee4c69c2a1c06f032dad88a41d5e3e86,e7c6c8095ebaff15a22d13113f9c701b498b3e22,2007-03-19T18:26:09+00:00,renamed the seda component to queue,Excessive Package Coupling,package_edges,29,28,1,True,Change Attribute Type|Change Parameter Type|Change Return Type|Move And Rename Class|Rename Package,Change Attribute Type|Change Parameter Type|Change Return Type|Move And Rename Class|Rename Package,Change Attribute Type,Architecture smell: Excessive Package Coupling. Metric package_edges changed from 29 to 28. Commit message: renamed the seda component to queue,Change Attribute Type | Change Parameter Type | Change Return Type | Move And Rename Class | Rename Package
camel,b8d28505c84baabe75edfba0a43f3b2f06e19c13,47e0604ac775641dd3da5880b2a34f9babe25ed2,2007-03-19T19:47:04+00:00,removed compile error,Cyclic Dependency,cyclic_packages,3,3,0,False,Change Parameter Type,Change Parameter Type,Change Parameter Type,Architecture smell: Cyclic Dependency. Metric cyclic_packages changed from 3 to 3. Commit message: removed compile error,Change Parameter Type
camel,b8d28505c84baabe75edfba0a43f3b2f06e19c13,47e0604ac775641dd3da5880b2a34f9babe25ed2,2007-03-19T19:47:04+00:00,removed compile error,Large Component,large_packages,1,1,0,False,Change Parameter Type,Change Parameter Type,Change Parameter Type,Architecture smell: Large Component. Metric large_packages changed from 1 to 1. Commit message: removed compile error,Change Parameter Type
camel,b8d28505c84baabe75edfba0a43f3b2f06e19c13,47e0604ac775641dd3da5880b2a34f9babe25ed2,2007-03-19T19:47:04+00:00,removed compile error,Excessive Package Coupling,package_edges,30,30,0,False,Change Parameter Type,Change Parameter Type,Change Parameter Type,Architecture smell: Excessive Package Coupling. Metric package_edges changed from 30 to 30. Commit message: removed compile error,Change Parameter Type
camel,1623cf3b64c5ea2e6cb1208f0fbe9dd042527c35,aa3e9137e1e2d52738e113c806acbc7df9b5e428,2007-03-19T22:22:46+00:00,Added the activate/deactivate lifecylce methods to the Component interface and did some other small cleanups,Cyclic Dependency,cyclic_packages,3,3,0,False,Add Method Annotation|Change Attribute Type|Change Parameter Type|Change Return Type|Extract Method|Parameterize Variable|Remove Parameter|Rename Variable,Add Method Annotation|Change Attribute Type|Change Parameter Type|Change Return Type|Extract Method|Parameterize Variable|Remove Parameter|Rename Variable,Add Method Annotation,Architecture smell: Cyclic Dependency. Metric cyclic_packages changed from 3 to 3. Commit message: Added the activate/deactivate lifecylce methods to the Component interface and did some other small cleanups,Add Method Annotation | Change Attribute Type | Change Parameter Type | Change Return Type | Extract Method | Parameterize Variable | Remove Parameter | Rename Variable
camel,1623cf3b64c5ea2e6cb1208f0fbe9dd042527c35,aa3e9137e1e2d52738e113c806acbc7df9b5e428,2007-03-19T22:22:46+00:00,Added the activate/deactivate lifecylce methods to the Component interface and did some other small cleanups,Excessive Package Coupling,package_edges,37,39,-2,False,Add Method Annotation|Change Attribute Type|Change Parameter Type|Change Return Type|Extract Method|Parameterize Variable|Remove Parameter|Rename Variable,Add Method Annotation|Change Attribute Type|Change Parameter Type|Change Return Type|Extract Method|Parameterize Variable|Remove Parameter|Rename Variable,Add Method Annotation,Architecture smell: Excessive Package Coupling. Metric package_edges changed from 37 to 39. Commit message: Added the activate/deactivate lifecylce methods to the Component interface and did some other small cleanups,Add Method Annotation | Change Attribute Type | Change Parameter Type | Change Return Type | Extract Method | Parameterize Variable | Remove Parameter | Rename Variable
camel,8b5459cfb18316ec2c96e63b0b70a4289ed0c755,2db582e78784e0aad6cd25fbf66c22aec03e8ed8,2007-03-20T07:53:04+00:00,"The send() method in Endpoint made it look like a Processor, so why not let it be one. Some smaller cleanups",Cyclic Dependency,cyclic_packages,3,3,0,False,Rename Method,Rename Method,Rename Method,"Architecture smell: Cyclic Dependency. Metric cyclic_packages changed from 3 to 3. Commit message: The send() method in Endpoint made it look like a Processor, so why not let it be one. Some smaller cleanups",Rename Method
camel,8b5459cfb18316ec2c96e63b0b70a4289ed0c755,2db582e78784e0aad6cd25fbf66c22aec03e8ed8,2007-03-20T07:53:04+00:00,"The send() method in Endpoint made it look like a Processor, so why not let it be one. Some smaller cleanups",Large Component,large_packages,3,3,0,False,Rename Method,Rename Method,Rename Method,"Architecture smell: Large Component. Metric large_packages changed from 3 to 3. Commit message: The send() method in Endpoint made it look like a Processor, so why not let it be one. Some smaller cleanups",Rename Method
camel,8b5459cfb18316ec2c96e63b0b70a4289ed0c755,2db582e78784e0aad6cd25fbf66c22aec03e8ed8,2007-03-20T07:53:04+00:00,"The send() method in Endpoint made it look like a Processor, so why not let it be one. Some smaller cleanups",Excessive Package Coupling,package_edges,48,48,0,False,Rename Method,Rename Method,Rename Method,"Architecture smell: Excessive Package Coupling. Metric package_edges changed from 48 to 48. Commit message: The send() method in Endpoint made it look like a Processor, so why not let it be one. Some smaller cleanups",Rename Method
camel,160d9af7be83c6de8791c86dac799a1f4a055a09,3a5cea7c053dd9bceec508be897301a7ae449f18,2007-03-20T14:21:58+00:00,minor refactor to move the processors into a separate package,Cyclic Dependency,cyclic_packages,3,4,-1,False,Change Attribute Type|Change Parameter Type|Change Return Type|Change Variable Type|Move Class|Rename Attribute|Rename Class|Rename Method,Move Class|Change Attribute Type|Change Parameter Type|Change Return Type|Change Variable Type|Rename Attribute|Rename Class|Rename Method,Move Class,Architecture smell: Cyclic Dependency. Metric cyclic_packages changed from 3 to 4. Commit message: minor refactor to move the processors into a separate package,Move Class | Change Attribute Type | Change Parameter Type | Change Return Type | Change Variable Type | Rename Attribute | Rename Class | Rename Method
camel,160d9af7be83c6de8791c86dac799a1f4a055a09,3a5cea7c053dd9bceec508be897301a7ae449f18,2007-03-20T14:21:58+00:00,minor refactor to move the processors into a separate package,Large Component,large_packages,1,3,-2,False,Change Attribute Type|Change Parameter Type|Change Return Type|Change Variable Type|Move Class|Rename Attribute|Rename Class|Rename Method,Change Attribute Type|Change Parameter Type|Change Return Type|Change Variable Type|Move Class|Rename Attribute|Rename Class|Rename Method,Change Attribute Type,Architecture smell: Large Component. Metric large_packages changed from 1 to 3. Commit message: minor refactor to move the processors into a separate package,Change Attribute Type | Change Parameter Type | Change Return Type | Change Variable Type | Move Class | Rename Attribute | Rename Class | Rename Method
camel,160d9af7be83c6de8791c86dac799a1f4a055a09,3a5cea7c053dd9bceec508be897301a7ae449f18,2007-03-20T14:21:58+00:00,minor refactor to move the processors into a separate package,Excessive Package Coupling,package_edges,56,63,-7,False,Change Attribute Type|Change Parameter Type|Change Return Type|Change Variable Type|Move Class|Rename Attribute|Rename Class|Rename Method,Move Class|Change Attribute Type|Change Parameter Type|Change Return Type|Change Variable Type|Rename Attribute|Rename Class|Rename Method,Move Class,Architecture smell: Excessive Package Coupling. Metric package_edges changed from 56 to 63. Commit message: minor refactor to move the processors into a separate package,Move Class | Change Attribute Type | Change Parameter Type | Change Return Type | Change Variable Type | Rename Attribute | Rename Class | Rename Method
camel,bc29034e883303421c2f0c41511ea78dc39d6a9b,6d5197ddc74869c4d68aa1c1c64195b8e3a2c405,2007-03-20T17:04:27+00:00,renamed the builders to make them a little easier to follow; they generally now follow the name of the verb in the builder language,Cyclic Dependency,cyclic_packages,4,4,0,False,Change Attribute Type|Change Parameter Type|Change Return Type|Change Variable Type|Rename Attribute|Rename Class|Rename Parameter|Rename Variable,Change Attribute Type|Change Parameter Type|Change Return Type|Change Variable Type|Rename Attribute|Rename Class|Rename Parameter|Rename Variable,Change Attribute Type,Architecture smell: Cyclic Dependency. Metric cyclic_packages changed from 4 to 4. Commit message: renamed the builders to make them a little easier to follow; they generally now follow the name of the verb in the builder language,Change Attribute Type | Change Parameter Type | Change Return Type | Change Variable Type | Rename Attribute | Rename Class | Rename Parameter | Rename Variable
camel,bc29034e883303421c2f0c41511ea78dc39d6a9b,6d5197ddc74869c4d68aa1c1c64195b8e3a2c405,2007-03-20T17:04:27+00:00,renamed the builders to make them a little easier to follow; they generally now follow the name of the verb in the builder language,Large Component,large_packages,3,3,0,False,Change Attribute Type|Change Parameter Type|Change Return Type|Change Variable Type|Rename Attribute|Rename Class|Rename Parameter|Rename Variable,Change Attribute Type|Change Parameter Type|Change Return Type|Change Variable Type|Rename Attribute|Rename Class|Rename Parameter|Rename Variable,Change Attribute Type,Architecture smell: Large Component. Metric large_packages changed from 3 to 3. Commit message: renamed the builders to make them a little easier to follow; they generally now follow the name of the verb in the builder language,Change Attribute Type | Change Parameter Type | Change Return Type | Change Variable Type | Rename Attribute | Rename Class | Rename Parameter | Rename Variable
camel,bc29034e883303421c2f0c41511ea78dc39d6a9b,6d5197ddc74869c4d68aa1c1c64195b8e3a2c405,2007-03-20T17:04:27+00:00,renamed the builders to make them a little easier to follow; they generally now follow the name of the verb in the builder language,Excessive Package Coupling,package_edges,63,62,1,True,Change Attribute Type|Change Parameter Type|Change Return Type|Change Variable Type|Rename Attribute|Rename Class|Rename Parameter|Rename Variable,Change Attribute Type|Change Parameter Type|Change Return Type|Change Variable Type|Rename Attribute|Rename Class|Rename Parameter|Rename Variable,Change Attribute Type,Architecture smell: Excessive Package Coupling. Metric package_edges changed from 63 to 62. Commit message: renamed the builders to make them a little easier to follow; they generally now follow the name of the verb in the builder language,Change Attribute Type | Change Parameter Type | Change Return Type | Change Variable Type | Rename Attribute | Rename Class | Rename Parameter | Rename Variable
camel,09cbd05f75f7afcc40e4fffa74892c7ce80a31e6,bc29034e883303421c2f0c41511ea78dc39d6a9b,2007-03-20T18:01:41+00:00,Moved Expression and Predicates uner builder,Cyclic Dependency,cyclic_packages,4,4,0,False,Move And Rename Class,Move And Rename Class,Move And Rename Class,Architecture smell: Cyclic Dependency. Metric cyclic_packages changed from 4 to 4. Commit message: Moved Expression and Predicates uner builder,Move And Rename Class
camel,09cbd05f75f7afcc40e4fffa74892c7ce80a31e6,bc29034e883303421c2f0c41511ea78dc39d6a9b,2007-03-20T18:01:41+00:00,Moved Expression and Predicates uner builder,Large Component,large_packages,3,3,0,False,Move And Rename Class,Move And Rename Class,Move And Rename Class,Architecture smell: Large Component. Metric large_packages changed from 3 to 3. Commit message: Moved Expression and Predicates uner builder,Move And Rename Class
camel,09cbd05f75f7afcc40e4fffa74892c7ce80a31e6,bc29034e883303421c2f0c41511ea78dc39d6a9b,2007-03-20T18:01:41+00:00,Moved Expression and Predicates uner builder,Excessive Package Coupling,package_edges,62,62,0,False,Move And Rename Class,Move And Rename Class,Move And Rename Class,Architecture smell: Excessive Package Coupling. Metric package_edges changed from 62 to 62. Commit message: Moved Expression and Predicates uner builder,Move And Rename Class
camel,a8a1f3cd00b56d835c22a6a52d30db96d68a30ae,dfffe613f300ef82ac64f9f62dcdec90ecd36da4,2007-03-20T19:31:47+00:00,Made CamelContext an interface and move the implementation to impl.DefaultCamelContext,Cyclic Dependency,cyclic_packages,5,5,0,False,Change Type Declaration Kind|Extract Subclass|Inline Variable|Push Down Attribute|Push Down Method,Change Type Declaration Kind|Extract Subclass|Inline Variable|Push Down Attribute|Push Down Method,Change Type Declaration Kind,Architecture smell: Cyclic Dependency. Metric cyclic_packages changed from 5 to 5. Commit message: Made CamelContext an interface and move the implementation to impl.DefaultCamelContext,Change Type Declaration Kind | Extract Subclass | Inline Variable | Push Down Attribute | Push Down Method
camel,a8a1f3cd00b56d835c22a6a52d30db96d68a30ae,dfffe613f300ef82ac64f9f62dcdec90ecd36da4,2007-03-20T19:31:47+00:00,Made CamelContext an interface and move the implementation to impl.DefaultCamelContext,Large Component,large_packages,2,2,0,False,Change Type Declaration Kind|Extract Subclass|Inline Variable|Push Down Attribute|Push Down Method,Change Type Declaration Kind|Extract Subclass|Inline Variable|Push Down Attribute|Push Down Method,Change Type Declaration Kind,Architecture smell: Large Component. Metric large_packages changed from 2 to 2. Commit message: Made CamelContext an interface and move the implementation to impl.DefaultCamelContext,Change Type Declaration Kind | Extract Subclass | Inline Variable | Push Down Attribute | Push Down Method
camel,a8a1f3cd00b56d835c22a6a52d30db96d68a30ae,dfffe613f300ef82ac64f9f62dcdec90ecd36da4,2007-03-20T19:31:47+00:00,Made CamelContext an interface and move the implementation to impl.DefaultCamelContext,Excessive Package Coupling,package_edges,63,65,-2,False,Change Type Declaration Kind|Extract Subclass|Inline Variable|Push Down Attribute|Push Down Method,Change Type Declaration Kind|Extract Subclass|Inline Variable|Push Down Attribute|Push Down Method,Change Type Declaration Kind,Architecture smell: Excessive Package Coupling. Metric package_edges changed from 63 to 65. Commit message: Made CamelContext an interface and move the implementation to impl.DefaultCamelContext,Change Type Declaration Kind | Extract Subclass | Inline Variable | Push Down Attribute | Push Down Method
camel,ac9d5e90c72180917d1d006c2e28d31229ad42ee,a8a1f3cd00b56d835c22a6a52d30db96d68a30ae,2007-03-20T19:52:38+00:00,some minor refactoring,Cyclic Dependency,cyclic_packages,5,5,0,False,Rename Method|Rename Parameter,Rename Method|Rename Parameter,Rename Method,Architecture smell: Cyclic Dependency. Metric cyclic_packages changed from 5 to 5. Commit message: some minor refactoring,Rename Method | Rename Parameter
camel,ac9d5e90c72180917d1d006c2e28d31229ad42ee,a8a1f3cd00b56d835c22a6a52d30db96d68a30ae,2007-03-20T19:52:38+00:00,some minor refactoring,Large Component,large_packages,2,2,0,False,Rename Method|Rename Parameter,Rename Method|Rename Parameter,Rename Method,Architecture smell: Large Component. Metric large_packages changed from 2 to 2. Commit message: some minor refactoring,Rename Method | Rename Parameter
camel,ac9d5e90c72180917d1d006c2e28d31229ad42ee,a8a1f3cd00b56d835c22a6a52d30db96d68a30ae,2007-03-20T19:52:38+00:00,some minor refactoring,Excessive Package Coupling,package_edges,65,65,0,False,Rename Method|Rename Parameter,Rename Method|Rename Parameter,Rename Method,Architecture smell: Excessive Package Coupling. Metric package_edges changed from 65 to 65. Commit message: some minor refactoring,Rename Method | Rename Parameter
camel,9c3a4e70bdc12b91709138fc3deddf50860052cb,5b4ba71b0b82e7027f92e1fef4513b41a69c0dfd,2007-03-21T16:29:40+00:00,minor refactor so that the BuilderSupport can easily create endpoints and the deadLetterChannel policy and added some test cases showing how to configure the policy and redelivery policy,Cyclic Dependency,cyclic_packages,5,5,0,False,Add Attribute Modifier|Add Parameter|Change Parameter Type|Change Return Type|Pull Up Method|Rename Method|Rename Parameter|Rename Variable|Replace Attribute With Variable,Add Attribute Modifier|Add Parameter|Change Parameter Type|Change Return Type|Pull Up Method|Rename Method|Rename Parameter|Rename Variable|Replace Attribute With Variable,Add Attribute Modifier,Architecture smell: Cyclic Dependency. Metric cyclic_packages changed from 5 to 5. Commit message: minor refactor so that the BuilderSupport can easily create endpoints and the deadLetterChannel policy and added some test cases showing how to configure the policy and redelivery policy,Add Attribute Modifier | Add Parameter | Change Parameter Type | Change Return Type | Pull Up Method | Rename Method | Rename Parameter | Rename Variable | Replace Attribute With Variable
camel,9c3a4e70bdc12b91709138fc3deddf50860052cb,5b4ba71b0b82e7027f92e1fef4513b41a69c0dfd,2007-03-21T16:29:40+00:00,minor refactor so that the BuilderSupport can easily create endpoints and the deadLetterChannel policy and added some test cases showing how to configure the policy and redelivery policy,Large Component,large_packages,2,2,0,False,Add Attribute Modifier|Add Parameter|Change Parameter Type|Change Return Type|Pull Up Method|Rename Method|Rename Parameter|Rename Variable|Replace Attribute With Variable,Add Attribute Modifier|Add Parameter|Change Parameter Type|Change Return Type|Pull Up Method|Rename Method|Rename Parameter|Rename Variable|Replace Attribute With Variable,Add Attribute Modifier,Architecture smell: Large Component. Metric large_packages changed from 2 to 2. Commit message: minor refactor so that the BuilderSupport can easily create endpoints and the deadLetterChannel policy and added some test cases showing how to configure the policy and redelivery policy,Add Attribute Modifier | Add Parameter | Change Parameter Type | Change Return Type | Pull Up Method | Rename Method | Rename Parameter | Rename Variable | Replace Attribute With Variable
camel,9c3a4e70bdc12b91709138fc3deddf50860052cb,5b4ba71b0b82e7027f92e1fef4513b41a69c0dfd,2007-03-21T16:29:40+00:00,minor refactor so that the BuilderSupport can easily create endpoints and the deadLetterChannel policy and added some test cases showing how to configure the policy and redelivery policy,Excessive Package Coupling,package_edges,78,79,-1,False,Add Attribute Modifier|Add Parameter|Change Parameter Type|Change Return Type|Pull Up Method|Rename Method|Rename Parameter|Rename Variable|Replace Attribute With Variable,Add Attribute Modifier|Add Parameter|Change Parameter Type|Change Return Type|Pull Up Method|Rename Method|Rename Parameter|Rename Variable|Replace Attribute With Variable,Add Attribute Modifier,Architecture smell: Excessive Package Coupling. Metric package_edges changed from 78 to 79. Commit message: minor refactor so that the BuilderSupport can easily create endpoints and the deadLetterChannel policy and added some test cases showing how to configure the policy and redelivery policy,Add Attribute Modifier | Add Parameter | Change Parameter Type | Change Return Type | Pull Up Method | Rename Method | Rename Parameter | Rename Variable | Replace Attribute With Variable
camel,3f90f9286e6d5eb4d344334c9690e3790a4fb544,90043f9c89f67524451edf1e44783785179912dd,2007-03-21T17:53:47+00:00,refactored the components into the camel.component package,Cyclic Dependency,cyclic_packages,5,5,0,False,Change Attribute Type|Move Class|Move Source Folder,Move Class|Change Attribute Type|Move Source Folder,Move Class,Architecture smell: Cyclic Dependency. Metric cyclic_packages changed from 5 to 5. Commit message: refactored the components into the camel.component package,Move Class | Change Attribute Type | Move Source Folder
camel,3f90f9286e6d5eb4d344334c9690e3790a4fb544,90043f9c89f67524451edf1e44783785179912dd,2007-03-21T17:53:47+00:00,refactored the components into the camel.component package,Large Component,large_packages,2,4,-2,False,Change Attribute Type|Move Class|Move Source Folder,Change Attribute Type|Move Class|Move Source Folder,Change Attribute Type,Architecture smell: Large Component. Metric large_packages changed from 2 to 4. Commit message: refactored the components into the camel.component package,Change Attribute Type | Move Class | Move Source Folder
camel,3f90f9286e6d5eb4d344334c9690e3790a4fb544,90043f9c89f67524451edf1e44783785179912dd,2007-03-21T17:53:47+00:00,refactored the components into the camel.component package,Excessive Package Coupling,package_edges,79,88,-9,False,Change Attribute Type|Move Class|Move Source Folder,Move Class|Change Attribute Type|Move Source Folder,Move Class,Architecture smell: Excessive Package Coupling. Metric package_edges changed from 79 to 88. Commit message: refactored the components into the camel.component package,Move Class | Change Attribute Type | Move Source Folder
camel,3e6804a397a9045eb296006a7089db13639d7f2d,5f875a33b20c3f221e747f332e93d20a82676f76,2007-03-21T20:02:40+00:00,minor refactorings to make it easy to implement a resolver and avoid wrapping any underlying exceptions; also added a very rough initial spike of a MINA module,Cyclic Dependency,cyclic_packages,5,5,0,False,Add Thrown Exception Type|Extract Superclass|Move And Rename Attribute|Pull Up Method|Rename Parameter,Add Thrown Exception Type|Extract Superclass|Move And Rename Attribute|Pull Up Method|Rename Parameter,Add Thrown Exception Type,Architecture smell: Cyclic Dependency. Metric cyclic_packages changed from 5 to 5. Commit message: minor refactorings to make it easy to implement a resolver and avoid wrapping any underlying exceptions; also added a very rough initial spike of a MINA module,Add Thrown Exception Type | Extract Superclass | Move And Rename Attribute | Pull Up Method | Rename Parameter
camel,3e6804a397a9045eb296006a7089db13639d7f2d,5f875a33b20c3f221e747f332e93d20a82676f76,2007-03-21T20:02:40+00:00,minor refactorings to make it easy to implement a resolver and avoid wrapping any underlying exceptions; also added a very rough initial spike of a MINA module,Large Component,large_packages,2,3,-1,False,Add Thrown Exception Type|Extract Superclass|Move And Rename Attribute|Pull Up Method|Rename Parameter,Add Thrown Exception Type|Extract Superclass|Move And Rename Attribute|Pull Up Method|Rename Parameter,Add Thrown Exception Type,Architecture smell: Large Component. Metric large_packages changed from 2 to 3. Commit message: minor refactorings to make it easy to implement a resolver and avoid wrapping any underlying exceptions; also added a very rough initial spike of a MINA module,Add Thrown Exception Type | Extract Superclass | Move And Rename Attribute | Pull Up Method | Rename Parameter
camel,3e6804a397a9045eb296006a7089db13639d7f2d,5f875a33b20c3f221e747f332e93d20a82676f76,2007-03-21T20:02:40+00:00,minor refactorings to make it easy to implement a resolver and avoid wrapping any underlying exceptions; also added a very rough initial spike of a MINA module,Excessive Package Coupling,package_edges,79,90,-11,False,Add Thrown Exception Type|Extract Superclass|Move And Rename Attribute|Pull Up Method|Rename Parameter,Add Thrown Exception Type|Extract Superclass|Move And Rename Attribute|Pull Up Method|Rename Parameter,Add Thrown Exception Type,Architecture smell: Excessive Package Coupling. Metric package_edges changed from 79 to 90. Commit message: minor refactorings to make it easy to implement a resolver and avoid wrapping any underlying exceptions; also added a very rough initial spike of a MINA module,Add Thrown Exception Type | Extract Superclass | Move And Rename Attribute | Pull Up Method | Rename Parameter
camel,c58bccbd9df2b643661948f4dc12d3c538e69305,8b0ae5afec7cefc15191e06b91d4cc38907c634f,2007-03-22T09:25:12+00:00,added XPath predicate support; also refactored the Predicate interface so a single expression class can implement predicate and expression,Cyclic Dependency,cyclic_packages,5,5,0,False,Extract Interface|Extract Method|Rename Method,Extract Interface|Extract Method|Rename Method,Extract Interface,Architecture smell: Cyclic Dependency. Metric cyclic_packages changed from 5 to 5. Commit message: added XPath predicate support; also refactored the Predicate interface so a single expression class can implement predicate and expression,Extract Interface | Extract Method | Rename Method
camel,c58bccbd9df2b643661948f4dc12d3c538e69305,8b0ae5afec7cefc15191e06b91d4cc38907c634f,2007-03-22T09:25:12+00:00,added XPath predicate support; also refactored the Predicate interface so a single expression class can implement predicate and expression,Large Component,large_packages,2,2,0,False,Extract Interface|Extract Method|Rename Method,Extract Method|Extract Interface|Rename Method,Extract Method,Architecture smell: Large Component. Metric large_packages changed from 2 to 2. Commit message: added XPath predicate support; also refactored the Predicate interface so a single expression class can implement predicate and expression,Extract Method | Extract Interface | Rename Method
camel,c58bccbd9df2b643661948f4dc12d3c538e69305,8b0ae5afec7cefc15191e06b91d4cc38907c634f,2007-03-22T09:25:12+00:00,added XPath predicate support; also refactored the Predicate interface so a single expression class can implement predicate and expression,Excessive Package Coupling,package_edges,106,108,-2,False,Extract Interface|Extract Method|Rename Method,Extract Interface|Extract Method|Rename Method,Extract Interface,Architecture smell: Excessive Package Coupling. Metric package_edges changed from 106 to 108. Commit message: added XPath predicate support; also refactored the Predicate interface so a single expression class can implement predicate and expression,Extract Interface | Extract Method | Rename Method
camel,fbf682983abf08b58b2892d9d01c612bb6ee2f78,c58bccbd9df2b643661948f4dc12d3c538e69305,2007-03-22T09:59:46+00:00,refactored the Exchange/Message API to remove Headers (it was just a pain for end users) and moved that API into Exchange and Message,Cyclic Dependency,cyclic_packages,5,5,0,False,Change Attribute Type|Change Parameter Type|Change Return Type|Change Variable Type|Extract Superclass|Move Attribute|Move Method|Pull Up Attribute|Pull Up Method|Rename Parameter|Rename Variable,Move Method|Change Attribute Type|Change Parameter Type|Change Return Type|Change Variable Type|Extract Superclass|Move Attribute|Pull Up Attribute|Pull Up Method|Rename Parameter|Rename Variable,Move Method,Architecture smell: Cyclic Dependency. Metric cyclic_packages changed from 5 to 5. Commit message: refactored the Exchange/Message API to remove Headers (it was just a pain for end users) and moved that API into Exchange and Message,Move Method | Change Attribute Type | Change Parameter Type | Change Return Type | Change Variable Type | Extract Superclass | Move Attribute | Pull Up Attribute | Pull Up Method | Rename Parameter | Rename Variable
camel,fbf682983abf08b58b2892d9d01c612bb6ee2f78,c58bccbd9df2b643661948f4dc12d3c538e69305,2007-03-22T09:59:46+00:00,refactored the Exchange/Message API to remove Headers (it was just a pain for end users) and moved that API into Exchange and Message,Hub-like Dependency,hub_like_packages,2,2,0,False,Change Attribute Type|Change Parameter Type|Change Return Type|Change Variable Type|Extract Superclass|Move Attribute|Move Method|Pull Up Attribute|Pull Up Method|Rename Parameter|Rename Variable,Move Method|Change Attribute Type|Change Parameter Type|Change Return Type|Change Variable Type|Extract Superclass|Move Attribute|Pull Up Attribute|Pull Up Method|Rename Parameter|Rename Variable,Move Method,Architecture smell: Hub-like Dependency. Metric hub_like_packages changed from 2 to 2. Commit message: refactored the Exchange/Message API to remove Headers (it was just a pain for end users) and moved that API into Exchange and Message,Move Method | Change Attribute Type | Change Parameter Type | Change Return Type | Change Variable Type | Extract Superclass | Move Attribute | Pull Up Attribute | Pull Up Method | Rename Parameter | Rename Variable
camel,fbf682983abf08b58b2892d9d01c612bb6ee2f78,c58bccbd9df2b643661948f4dc12d3c538e69305,2007-03-22T09:59:46+00:00,refactored the Exchange/Message API to remove Headers (it was just a pain for end users) and moved that API into Exchange and Message,Large Component,large_packages,2,2,0,False,Change Attribute Type|Change Parameter Type|Change Return Type|Change Variable Type|Extract Superclass|Move Attribute|Move Method|Pull Up Attribute|Pull Up Method|Rename Parameter|Rename Variable,Move Attribute|Move Method|Change Attribute Type|Change Parameter Type|Change Return Type|Change Variable Type|Extract Superclass|Pull Up Attribute|Pull Up Method|Rename Parameter|Rename Variable,Move Attribute,Architecture smell: Large Component. Metric large_packages changed from 2 to 2. Commit message: refactored the Exchange/Message API to remove Headers (it was just a pain for end users) and moved that API into Exchange and Message,Move Attribute | Move Method | Change Attribute Type | Change Parameter Type | Change Return Type | Change Variable Type | Extract Superclass | Pull Up Attribute | Pull Up Method | Rename Parameter | Rename Variable
camel,fbf682983abf08b58b2892d9d01c612bb6ee2f78,c58bccbd9df2b643661948f4dc12d3c538e69305,2007-03-22T09:59:46+00:00,refactored the Exchange/Message API to remove Headers (it was just a pain for end users) and moved that API into Exchange and Message,Excessive Package Coupling,package_edges,108,107,1,True,Change Attribute Type|Change Parameter Type|Change Return Type|Change Variable Type|Extract Superclass|Move Attribute|Move Method|Pull Up Attribute|Pull Up Method|Rename Parameter|Rename Variable,Move Method|Change Attribute Type|Change Parameter Type|Change Return Type|Change Variable Type|Extract Superclass|Move Attribute|Pull Up Attribute|Pull Up Method|Rename Parameter|Rename Variable,Move Method,Architecture smell: Excessive Package Coupling. Metric package_edges changed from 108 to 107. Commit message: refactored the Exchange/Message API to remove Headers (it was just a pain for end users) and moved that API into Exchange and Message,Move Method | Change Attribute Type | Change Parameter Type | Change Return Type | Change Variable Type | Extract Superclass | Move Attribute | Pull Up Attribute | Pull Up Method | Rename Parameter | Rename Variable
camel,0424392709e1a8c0f6674e8621db9874c0e395de,fbf682983abf08b58b2892d9d01c612bb6ee2f78,2007-03-22T10:06:30+00:00,refactored the use of 'headers' on the Exchange to 'properties' as headers are usually protocol dependent (e.g. strings in HTTP) whereas properties can be arbitrary things,Cyclic Dependency,cyclic_packages,5,5,0,False,Rename Method,Rename Method,Rename Method,Architecture smell: Cyclic Dependency. Metric cyclic_packages changed from 5 to 5. Commit message: refactored the use of 'headers' on the Exchange to 'properties' as headers are usually protocol dependent (e.g. strings in HTTP) whereas properties can be arbitrary things,Rename Method
camel,0424392709e1a8c0f6674e8621db9874c0e395de,fbf682983abf08b58b2892d9d01c612bb6ee2f78,2007-03-22T10:06:30+00:00,refactored the use of 'headers' on the Exchange to 'properties' as headers are usually protocol dependent (e.g. strings in HTTP) whereas properties can be arbitrary things,Hub-like Dependency,hub_like_packages,2,2,0,False,Rename Method,Rename Method,Rename Method,Architecture smell: Hub-like Dependency. Metric hub_like_packages changed from 2 to 2. Commit message: refactored the use of 'headers' on the Exchange to 'properties' as headers are usually protocol dependent (e.g. strings in HTTP) whereas properties can be arbitrary things,Rename Method
camel,0424392709e1a8c0f6674e8621db9874c0e395de,fbf682983abf08b58b2892d9d01c612bb6ee2f78,2007-03-22T10:06:30+00:00,refactored the use of 'headers' on the Exchange to 'properties' as headers are usually protocol dependent (e.g. strings in HTTP) whereas properties can be arbitrary things,Large Component,large_packages,2,2,0,False,Rename Method,Rename Method,Rename Method,Architecture smell: Large Component. Metric large_packages changed from 2 to 2. Commit message: refactored the use of 'headers' on the Exchange to 'properties' as headers are usually protocol dependent (e.g. strings in HTTP) whereas properties can be arbitrary things,Rename Method
camel,0424392709e1a8c0f6674e8621db9874c0e395de,fbf682983abf08b58b2892d9d01c612bb6ee2f78,2007-03-22T10:06:30+00:00,refactored the use of 'headers' on the Exchange to 'properties' as headers are usually protocol dependent (e.g. strings in HTTP) whereas properties can be arbitrary things,Excessive Package Coupling,package_edges,107,107,0,False,Rename Method,Rename Method,Rename Method,Architecture smell: Excessive Package Coupling. Metric package_edges changed from 107 to 107. Commit message: refactored the use of 'headers' on the Exchange to 'properties' as headers are usually protocol dependent (e.g. strings in HTTP) whereas properties can be arbitrary things,Rename Method
camel,d4b2ebb217926da4981f3b784ac3f996b970c4ed,d4600ca8cb72ab71eec13a9325f6f290cf60a9c8,2007-03-22T10:32:03+00:00,removed the generics on CamelContext,Cyclic Dependency,cyclic_packages,5,5,0,False,Change Attribute Type|Change Parameter Type|Change Return Type|Change Variable Type|Remove Parameter Modifier,Change Attribute Type|Change Parameter Type|Change Return Type|Change Variable Type|Remove Parameter Modifier,Change Attribute Type,Architecture smell: Cyclic Dependency. Metric cyclic_packages changed from 5 to 5. Commit message: removed the generics on CamelContext,Change Attribute Type | Change Parameter Type | Change Return Type | Change Variable Type | Remove Parameter Modifier
camel,d4b2ebb217926da4981f3b784ac3f996b970c4ed,d4600ca8cb72ab71eec13a9325f6f290cf60a9c8,2007-03-22T10:32:03+00:00,removed the generics on CamelContext,Hub-like Dependency,hub_like_packages,2,2,0,False,Change Attribute Type|Change Parameter Type|Change Return Type|Change Variable Type|Remove Parameter Modifier,Change Attribute Type|Change Parameter Type|Change Return Type|Change Variable Type|Remove Parameter Modifier,Change Attribute Type,Architecture smell: Hub-like Dependency. Metric hub_like_packages changed from 2 to 2. Commit message: removed the generics on CamelContext,Change Attribute Type | Change Parameter Type | Change Return Type | Change Variable Type | Remove Parameter Modifier
camel,d4b2ebb217926da4981f3b784ac3f996b970c4ed,d4600ca8cb72ab71eec13a9325f6f290cf60a9c8,2007-03-22T10:32:03+00:00,removed the generics on CamelContext,Large Component,large_packages,2,2,0,False,Change Attribute Type|Change Parameter Type|Change Return Type|Change Variable Type|Remove Parameter Modifier,Change Attribute Type|Change Parameter Type|Change Return Type|Change Variable Type|Remove Parameter Modifier,Change Attribute Type,Architecture smell: Large Component. Metric large_packages changed from 2 to 2. Commit message: removed the generics on CamelContext,Change Attribute Type | Change Parameter Type | Change Return Type | Change Variable Type | Remove Parameter Modifier
camel,d4b2ebb217926da4981f3b784ac3f996b970c4ed,d4600ca8cb72ab71eec13a9325f6f290cf60a9c8,2007-03-22T10:32:03+00:00,removed the generics on CamelContext,Excessive Package Coupling,package_edges,107,107,0,False,Change Attribute Type|Change Parameter Type|Change Return Type|Change Variable Type|Remove Parameter Modifier,Change Attribute Type|Change Parameter Type|Change Return Type|Change Variable Type|Remove Parameter Modifier,Change Attribute Type,Architecture smell: Excessive Package Coupling. Metric package_edges changed from 107 to 107. Commit message: removed the generics on CamelContext,Change Attribute Type | Change Parameter Type | Change Return Type | Change Variable Type | Remove Parameter Modifier
camel,7173ec91ea19aa42215d42b089bdd87e847f9d6e,98e300a1d811692175660ac7530cc0e2a4337a88,2007-03-22T13:27:06+00:00,minor refactor to add similar lazy-create callback for creating headers on inbound messages; so its nice and easy to write efficient Message implementations,Cyclic Dependency,cyclic_packages,5,5,0,False,Add Method Annotation|Change Method Access Modifier|Change Variable Type|Extract Method|Extract Variable|Rename Method,Add Method Annotation|Change Method Access Modifier|Change Variable Type|Extract Method|Extract Variable|Rename Method,Add Method Annotation,Architecture smell: Cyclic Dependency. Metric cyclic_packages changed from 5 to 5. Commit message: minor refactor to add similar lazy-create callback for creating headers on inbound messages; so its nice and easy to write efficient Message implementations,Add Method Annotation | Change Method Access Modifier | Change Variable Type | Extract Method | Extract Variable | Rename Method
camel,7173ec91ea19aa42215d42b089bdd87e847f9d6e,98e300a1d811692175660ac7530cc0e2a4337a88,2007-03-22T13:27:06+00:00,minor refactor to add similar lazy-create callback for creating headers on inbound messages; so its nice and easy to write efficient Message implementations,Hub-like Dependency,hub_like_packages,2,2,0,False,Add Method Annotation|Change Method Access Modifier|Change Variable Type|Extract Method|Extract Variable|Rename Method,Extract Method|Add Method Annotation|Change Method Access Modifier|Change Variable Type|Extract Variable|Rename Method,Extract Method,Architecture smell: Hub-like Dependency. Metric hub_like_packages changed from 2 to 2. Commit message: minor refactor to add similar lazy-create callback for creating headers on inbound messages; so its nice and easy to write efficient Message implementations,Extract Method | Add Method Annotation | Change Method Access Modifier | Change Variable Type | Extract Variable | Rename Method
camel,7173ec91ea19aa42215d42b089bdd87e847f9d6e,98e300a1d811692175660ac7530cc0e2a4337a88,2007-03-22T13:27:06+00:00,minor refactor to add similar lazy-create callback for creating headers on inbound messages; so its nice and easy to write efficient Message implementations,Large Component,large_packages,2,2,0,False,Add Method Annotation|Change Method Access Modifier|Change Variable Type|Extract Method|Extract Variable|Rename Method,Extract Method|Add Method Annotation|Change Method Access Modifier|Change Variable Type|Extract Variable|Rename Method,Extract Method,Architecture smell: Large Component. Metric large_packages changed from 2 to 2. Commit message: minor refactor to add similar lazy-create callback for creating headers on inbound messages; so its nice and easy to write efficient Message implementations,Extract Method | Add Method Annotation | Change Method Access Modifier | Change Variable Type | Extract Variable | Rename Method
camel,7173ec91ea19aa42215d42b089bdd87e847f9d6e,98e300a1d811692175660ac7530cc0e2a4337a88,2007-03-22T13:27:06+00:00,minor refactor to add similar lazy-create callback for creating headers on inbound messages; so its nice and easy to write efficient Message implementations,Excessive Package Coupling,package_edges,107,107,0,False,Add Method Annotation|Change Method Access Modifier|Change Variable Type|Extract Method|Extract Variable|Rename Method,Add Method Annotation|Change Method Access Modifier|Change Variable Type|Extract Method|Extract Variable|Rename Method,Add Method Annotation,Architecture smell: Excessive Package Coupling. Metric package_edges changed from 107 to 107. Commit message: minor refactor to add similar lazy-create callback for creating headers on inbound messages; so its nice and easy to write efficient Message implementations,Add Method Annotation | Change Method Access Modifier | Change Variable Type | Extract Method | Extract Variable | Rename Method
camel,6da8eb176f0a3150b80bf3e1a8982a7a62e5c302,27102fc06acfdacef219c79f7b9dd89fe29a08bb,2007-03-22T18:41:24+00:00,Moved most of the cases from o.a.cammel.spring to o.a.camel.spring.builder,Cyclic Dependency,cyclic_packages,5,5,0,False,Move Class,Move Class,Move Class,Architecture smell: Cyclic Dependency. Metric cyclic_packages changed from 5 to 5. Commit message: Moved most of the cases from o.a.cammel.spring to o.a.camel.spring.builder,Move Class
camel,6da8eb176f0a3150b80bf3e1a8982a7a62e5c302,27102fc06acfdacef219c79f7b9dd89fe29a08bb,2007-03-22T18:41:24+00:00,Moved most of the cases from o.a.cammel.spring to o.a.camel.spring.builder,Hub-like Dependency,hub_like_packages,2,2,0,False,Move Class,Move Class,Move Class,Architecture smell: Hub-like Dependency. Metric hub_like_packages changed from 2 to 2. Commit message: Moved most of the cases from o.a.cammel.spring to o.a.camel.spring.builder,Move Class
camel,6da8eb176f0a3150b80bf3e1a8982a7a62e5c302,27102fc06acfdacef219c79f7b9dd89fe29a08bb,2007-03-22T18:41:24+00:00,Moved most of the cases from o.a.cammel.spring to o.a.camel.spring.builder,Large Component,large_packages,2,4,-2,False,Move Class,Move Class,Move Class,Architecture smell: Large Component. Metric large_packages changed from 2 to 4. Commit message: Moved most of the cases from o.a.cammel.spring to o.a.camel.spring.builder,Move Class
camel,6da8eb176f0a3150b80bf3e1a8982a7a62e5c302,27102fc06acfdacef219c79f7b9dd89fe29a08bb,2007-03-22T18:41:24+00:00,Moved most of the cases from o.a.cammel.spring to o.a.camel.spring.builder,Excessive Package Coupling,package_edges,133,142,-9,False,Move Class,Move Class,Move Class,Architecture smell: Excessive Package Coupling. Metric package_edges changed from 133 to 142. Commit message: Moved most of the cases from o.a.cammel.spring to o.a.camel.spring.builder,Move Class
camel,35cf84bd3a0784ee34e3d146545f95c74567ccd3,278a2a3dbedfb7d57a77ddedda40027bacd9cc76,2007-03-23T11:36:33+00:00,refactored the test cases to put more useful helper methods in TestSupport,Cyclic Dependency,cyclic_packages,5,5,0,False,Move Method,Move Method,Move Method,Architecture smell: Cyclic Dependency. Metric cyclic_packages changed from 5 to 5. Commit message: refactored the test cases to put more useful helper methods in TestSupport,Move Method
camel,35cf84bd3a0784ee34e3d146545f95c74567ccd3,278a2a3dbedfb7d57a77ddedda40027bacd9cc76,2007-03-23T11:36:33+00:00,refactored the test cases to put more useful helper methods in TestSupport,Hub-like Dependency,hub_like_packages,2,2,0,False,Move Method,Move Method,Move Method,Architecture smell: Hub-like Dependency. Metric hub_like_packages changed from 2 to 2. Commit message: refactored the test cases to put more useful helper methods in TestSupport,Move Method
camel,35cf84bd3a0784ee34e3d146545f95c74567ccd3,278a2a3dbedfb7d57a77ddedda40027bacd9cc76,2007-03-23T11:36:33+00:00,refactored the test cases to put more useful helper methods in TestSupport,Large Component,large_packages,4,4,0,False,Move Method,Move Method,Move Method,Architecture smell: Large Component. Metric large_packages changed from 4 to 4. Commit message: refactored the test cases to put more useful helper methods in TestSupport,Move Method
camel,35cf84bd3a0784ee34e3d146545f95c74567ccd3,278a2a3dbedfb7d57a77ddedda40027bacd9cc76,2007-03-23T11:36:33+00:00,refactored the test cases to put more useful helper methods in TestSupport,Excessive Package Coupling,package_edges,152,152,0,False,Move Method,Move Method,Move Method,Architecture smell: Excessive Package Coupling. Metric package_edges changed from 152 to 152. Commit message: refactored the test cases to put more useful helper methods in TestSupport,Move Method
ant,edb71783adeffc29a56df203f97b5ac0e4566a5d,ee9453f4f459494b616f35d57b58b73773e534dd,2000-01-23T11:38:22+00:00,removed security manager,Excessive Package Coupling,package_edges,18,17,1,True,Change Attribute Type|Extract Attribute|Inline Method,Change Attribute Type|Extract Attribute|Inline Method,Change Attribute Type,Architecture smell: Excessive Package Coupling. Metric package_edges changed from 18 to 17. Commit message: removed security manager,Change Attribute Type | Extract Attribute | Inline Method
ant,65d02e393d8709dd9fd6f5d48b502b72507bbb86,c697c4d2d093adc00d508f6f6f91797d3c9ffe3e,2000-01-27T03:51:55+00:00,"cleaner use of the Java API and added the ""TODAY"" stamp, used mainly in documentation",Excessive Package Coupling,package_edges,16,17,-1,False,Change Variable Type,Change Variable Type,Change Variable Type,"Architecture smell: Excessive Package Coupling. Metric package_edges changed from 16 to 17. Commit message: cleaner use of the Java API and added the ""TODAY"" stamp, used mainly in documentation",Change Variable Type
ant,3c26912e56e06ac64c392444cb19e3587f1bbb11,bf94e2fb091644d9c249322d9574ab6bb1e6a3d8,2000-02-11T01:31:24+00:00,"Added ""available"" task that sets a property in case a file|class|resource is present in the system",Excessive Package Coupling,package_edges,20,20,0,False,Rename Method|Rename Parameter|Rename Variable,Rename Method|Rename Parameter|Rename Variable,Rename Method,"Architecture smell: Excessive Package Coupling. Metric package_edges changed from 20 to 20. Commit message: Added ""available"" task that sets a property in case a file|class|resource is present in the system",Rename Method | Rename Parameter | Rename Variable
ant,ae16bb711b331f6c8a20ee1298cf171de43266f7,ab202c98abdb86255e80d286acee3b8c6960cab2,2000-02-13T18:24:18+00:00,Several changes:,Excessive Package Coupling,package_edges,20,20,0,False,Change Method Access Modifier|Encapsulate Attribute|Move Method|Remove Method Modifier,Move Method|Change Method Access Modifier|Encapsulate Attribute|Remove Method Modifier,Move Method,Architecture smell: Excessive Package Coupling. Metric package_edges changed from 20 to 20. Commit message: Several changes:,Move Method | Change Method Access Modifier | Encapsulate Attribute | Remove Method Modifier
ant,653124c46b538acb4d6caf265851fa991578d42d,7f93c6c464471c53f323dd190182b1cd3bd9fb2e,2000-02-16T14:31:45+00:00,"This is a simple patch which adds an attribute ""classname"" as an alias for the ""class"" attribute in various taskdefs. This is required for use under JDK 1.3 (RC1) due to changes in the way introspection works. Don't know about the final version of 1.3 but changing to ""classname"" is probably a good idea in any case. By leaving the setClass method in place, current build files can continue to be used under JDKs prior to 1.3. It also allows time for build files to be migrated. Eventually setClass should be removed.",Excessive Package Coupling,package_edges,20,20,0,False,Rename Method,Rename Method,Rename Method,"Architecture smell: Excessive Package Coupling. Metric package_edges changed from 20 to 20. Commit message: This is a simple patch which adds an attribute ""classname"" as an alias for the ""class"" attribute in various taskdefs. This is required for use under JDK 1.3 (RC1) due to changes in the way introspection works. Don't know about the final version of 1.3 but changing to ""classname"" is probably a good idea in any case. By leaving the setClass method in place, current build files can continue to be used under JDKs prior to 1.3. It also allows time for build files to be migrated. Eventually setClass should be removed.",Rename Method
ant,1ba5087df429abe38dd22fe5c9ddbc343280f0ae,d5bfb5609dde48b93877185c1f61067e009e8499,2000-06-24T10:55:45+00:00,Add BuildEvents to Ant,Cyclic Dependency,cyclic_packages,2,2,0,False,Extract Class|Move Attribute|Move Code|Remove Attribute Modifier|Remove Method Modifier|Replace Variable With Attribute,Extract Class|Move Attribute|Move Code|Remove Attribute Modifier|Remove Method Modifier|Replace Variable With Attribute,Extract Class,Architecture smell: Cyclic Dependency. Metric cyclic_packages changed from 2 to 2. Commit message: Add BuildEvents to Ant,Extract Class | Move Attribute | Move Code | Remove Attribute Modifier | Remove Method Modifier | Replace Variable With Attribute
ant,1ba5087df429abe38dd22fe5c9ddbc343280f0ae,d5bfb5609dde48b93877185c1f61067e009e8499,2000-06-24T10:55:45+00:00,Add BuildEvents to Ant,Excessive Package Coupling,package_edges,31,31,0,False,Extract Class|Move Attribute|Move Code|Remove Attribute Modifier|Remove Method Modifier|Replace Variable With Attribute,Extract Class|Move Attribute|Move Code|Remove Attribute Modifier|Remove Method Modifier|Replace Variable With Attribute,Extract Class,Architecture smell: Excessive Package Coupling. Metric package_edges changed from 31 to 31. Commit message: Add BuildEvents to Ant,Extract Class | Move Attribute | Move Code | Remove Attribute Modifier | Remove Method Modifier | Replace Variable With Attribute
ant,948ce9bca757a323b0e07ce25a10a76f759898ba,b8678d977409facd43522a5816cbb5e866dcab81,2000-06-24T16:01:07+00:00,Remove System.exit calls.,Cyclic Dependency,cyclic_packages,2,2,0,False,Add Thrown Exception Type,Add Thrown Exception Type,Add Thrown Exception Type,Architecture smell: Cyclic Dependency. Metric cyclic_packages changed from 2 to 2. Commit message: Remove System.exit calls.,Add Thrown Exception Type
ant,948ce9bca757a323b0e07ce25a10a76f759898ba,b8678d977409facd43522a5816cbb5e866dcab81,2000-06-24T16:01:07+00:00,Remove System.exit calls.,Excessive Package Coupling,package_edges,31,31,0,False,Add Thrown Exception Type,Add Thrown Exception Type,Add Thrown Exception Type,Architecture smell: Excessive Package Coupling. Metric package_edges changed from 31 to 31. Commit message: Remove System.exit calls.,Add Thrown Exception Type
ant,b417973d391382a96e26e6c50751b9b24f85b239,d977d4b58f8e6e323060aeb695e45749822187d4,2000-07-03T12:10:27+00:00,Clean up ant generated output,Cyclic Dependency,cyclic_packages,2,2,0,False,Change Variable Type|Extract Variable|Rename Variable,Change Variable Type|Extract Variable|Rename Variable,Change Variable Type,Architecture smell: Cyclic Dependency. Metric cyclic_packages changed from 2 to 2. Commit message: Clean up ant generated output,Change Variable Type | Extract Variable | Rename Variable
ant,b417973d391382a96e26e6c50751b9b24f85b239,d977d4b58f8e6e323060aeb695e45749822187d4,2000-07-03T12:10:27+00:00,Clean up ant generated output,Excessive Package Coupling,package_edges,31,31,0,False,Change Variable Type|Extract Variable|Rename Variable,Change Variable Type|Extract Variable|Rename Variable,Change Variable Type,Architecture smell: Excessive Package Coupling. Metric package_edges changed from 31 to 31. Commit message: Clean up ant generated output,Change Variable Type | Extract Variable | Rename Variable
ant,38c2a2a22283450dab6afcf3d3ec094c67dc1e4e,d5313cd9aeb9e62923cf784c46598937160aba2e,2000-07-04T08:52:10+00:00,Make Rmic a matching task. Submitted by:	David Maclean <david@cm.co.za>,Cyclic Dependency,cyclic_packages,2,2,0,False,Extract Method|Parameterize Variable|Rename Variable,Extract Method|Parameterize Variable|Rename Variable,Extract Method,Architecture smell: Cyclic Dependency. Metric cyclic_packages changed from 2 to 2. Commit message: Make Rmic a matching task. Submitted by:	David Maclean <david@cm.co.za>,Extract Method | Parameterize Variable | Rename Variable
ant,38c2a2a22283450dab6afcf3d3ec094c67dc1e4e,d5313cd9aeb9e62923cf784c46598937160aba2e,2000-07-04T08:52:10+00:00,Make Rmic a matching task. Submitted by:	David Maclean <david@cm.co.za>,Excessive Package Coupling,package_edges,31,31,0,False,Extract Method|Parameterize Variable|Rename Variable,Extract Method|Parameterize Variable|Rename Variable,Extract Method,Architecture smell: Excessive Package Coupling. Metric package_edges changed from 31 to 31. Commit message: Make Rmic a matching task. Submitted by:	David Maclean <david@cm.co.za>,Extract Method | Parameterize Variable | Rename Variable
lucene,58bcd780a9a37d81dfcb6f4f17acccaddc03a438,9bd3152b06cbef4d429860eb200c64090ce28a68,2001-09-27T16:27:02+00:00,"Added index lock files.  Indexing and search are now not just thread safe, but also ""process safe"": multiple processes may may now search an index while it is being updated from another process.",Cyclic Dependency,cyclic_packages,4,4,0,False,Add Parameter Modifier|Add Variable Modifier,Add Parameter Modifier|Add Variable Modifier,Add Parameter Modifier,"Architecture smell: Cyclic Dependency. Metric cyclic_packages changed from 4 to 4. Commit message: Added index lock files.  Indexing and search are now not just thread safe, but also ""process safe"": multiple processes may may now search an index while it is being updated from another process.",Add Parameter Modifier | Add Variable Modifier
lucene,58bcd780a9a37d81dfcb6f4f17acccaddc03a438,9bd3152b06cbef4d429860eb200c64090ce28a68,2001-09-27T16:27:02+00:00,"Added index lock files.  Indexing and search are now not just thread safe, but also ""process safe"": multiple processes may may now search an index while it is being updated from another process.",Large Component,large_packages,5,5,0,False,Add Parameter Modifier|Add Variable Modifier,Add Parameter Modifier|Add Variable Modifier,Add Parameter Modifier,"Architecture smell: Large Component. Metric large_packages changed from 5 to 5. Commit message: Added index lock files.  Indexing and search are now not just thread safe, but also ""process safe"": multiple processes may may now search an index while it is being updated from another process.",Add Parameter Modifier | Add Variable Modifier
lucene,58bcd780a9a37d81dfcb6f4f17acccaddc03a438,9bd3152b06cbef4d429860eb200c64090ce28a68,2001-09-27T16:27:02+00:00,"Added index lock files.  Indexing and search are now not just thread safe, but also ""process safe"": multiple processes may may now search an index while it is being updated from another process.",Excessive Package Coupling,package_edges,47,47,0,False,Add Parameter Modifier|Add Variable Modifier,Add Parameter Modifier|Add Variable Modifier,Add Parameter Modifier,"Architecture smell: Excessive Package Coupling. Metric package_edges changed from 47 to 47. Commit message: Added index lock files.  Indexing and search are now not just thread safe, but also ""process safe"": multiple processes may may now search an index while it is being updated from another process.",Add Parameter Modifier | Add Variable Modifier
lucene,89a554ffab239c0118ccd454d76cdf714d793911,c05b8e334b1fa224a9daf3473396ce0687ea630d,2001-12-10T21:18:24+00:00,"Fixed Bug 4555. Possible NullPointerException when a short term with substitutions was being checked for a particle denotion. Length checking corrected, and sequence of resubstitution and removing particle denotion changed to prevent denoted term to pass through remove because of the reduced length. Corrected and improved documentation. Fix in WordlistLoader, files are not read correct, loosing a line. Fix in GermanStemFilter, typo in constructor with custom exclusion table as parameter, parameter was ignored. GermanStemFilter has two new Methods for setting stemmer and exclusion list after creating the filter object.",Cyclic Dependency,cyclic_packages,7,7,0,False,Encapsulate Attribute|Inline Variable,Encapsulate Attribute|Inline Variable,Encapsulate Attribute,"Architecture smell: Cyclic Dependency. Metric cyclic_packages changed from 7 to 7. Commit message: Fixed Bug 4555. Possible NullPointerException when a short term with substitutions was being checked for a particle denotion. Length checking corrected, and sequence of resubstitution and removing particle denotion changed to prevent denoted term to pass through remove because of the reduced length. Corrected and improved documentation. Fix in WordlistLoader, files are not read correct, loosing a line. Fix in GermanStemFilter, typo in constructor with custom exclusion table as parameter, parameter was ignored. GermanStemFilter has two new Methods for setting stemmer and exclusion list after creating the filter object.",Encapsulate Attribute | Inline Variable
lucene,89a554ffab239c0118ccd454d76cdf714d793911,c05b8e334b1fa224a9daf3473396ce0687ea630d,2001-12-10T21:18:24+00:00,"Fixed Bug 4555. Possible NullPointerException when a short term with substitutions was being checked for a particle denotion. Length checking corrected, and sequence of resubstitution and removing particle denotion changed to prevent denoted term to pass through remove because of the reduced length. Corrected and improved documentation. Fix in WordlistLoader, files are not read correct, loosing a line. Fix in GermanStemFilter, typo in constructor with custom exclusion table as parameter, parameter was ignored. GermanStemFilter has two new Methods for setting stemmer and exclusion list after creating the filter object.",Large Component,large_packages,5,5,0,False,Encapsulate Attribute|Inline Variable,Encapsulate Attribute|Inline Variable,Encapsulate Attribute,"Architecture smell: Large Component. Metric large_packages changed from 5 to 5. Commit message: Fixed Bug 4555. Possible NullPointerException when a short term with substitutions was being checked for a particle denotion. Length checking corrected, and sequence of resubstitution and removing particle denotion changed to prevent denoted term to pass through remove because of the reduced length. Corrected and improved documentation. Fix in WordlistLoader, files are not read correct, loosing a line. Fix in GermanStemFilter, typo in constructor with custom exclusion table as parameter, parameter was ignored. GermanStemFilter has two new Methods for setting stemmer and exclusion list after creating the filter object.",Encapsulate Attribute | Inline Variable
lucene,89a554ffab239c0118ccd454d76cdf714d793911,c05b8e334b1fa224a9daf3473396ce0687ea630d,2001-12-10T21:18:24+00:00,"Fixed Bug 4555. Possible NullPointerException when a short term with substitutions was being checked for a particle denotion. Length checking corrected, and sequence of resubstitution and removing particle denotion changed to prevent denoted term to pass through remove because of the reduced length. Corrected and improved documentation. Fix in WordlistLoader, files are not read correct, loosing a line. Fix in GermanStemFilter, typo in constructor with custom exclusion table as parameter, parameter was ignored. GermanStemFilter has two new Methods for setting stemmer and exclusion list after creating the filter object.",Excessive Package Coupling,package_edges,51,51,0,False,Encapsulate Attribute|Inline Variable,Encapsulate Attribute|Inline Variable,Encapsulate Attribute,"Architecture smell: Excessive Package Coupling. Metric package_edges changed from 51 to 51. Commit message: Fixed Bug 4555. Possible NullPointerException when a short term with substitutions was being checked for a particle denotion. Length checking corrected, and sequence of resubstitution and removing particle denotion changed to prevent denoted term to pass through remove because of the reduced length. Corrected and improved documentation. Fix in WordlistLoader, files are not read correct, loosing a line. Fix in GermanStemFilter, typo in constructor with custom exclusion table as parameter, parameter was ignored. GermanStemFilter has two new Methods for setting stemmer and exclusion list after creating the filter object.",Encapsulate Attribute | Inline Variable
lucene,2ae22a31e362c283a9b1a58621bd51512c1d5741,b1ab12b556dc5952c90a8d79914c7cb51067acfe,2002-01-24T19:02:52+00:00,"Renamed NullTokenizer and Analyzer to WhitespaceTokenizer and Analyzer. Also re-structured the implementation of several tokenizers so that they share code, basing them on the new class CharAnalyzer.",Cyclic Dependency,cyclic_packages,8,8,0,False,Add Class Modifier|Extract And Move Method|Extract Method|Invert Condition|Remove Class Modifier|Rename Class|Rename Parameter,Add Class Modifier|Extract And Move Method|Extract Method|Invert Condition|Remove Class Modifier|Rename Class|Rename Parameter,Add Class Modifier,"Architecture smell: Cyclic Dependency. Metric cyclic_packages changed from 8 to 8. Commit message: Renamed NullTokenizer and Analyzer to WhitespaceTokenizer and Analyzer. Also re-structured the implementation of several tokenizers so that they share code, basing them on the new class CharAnalyzer.",Add Class Modifier | Extract And Move Method | Extract Method | Invert Condition | Remove Class Modifier | Rename Class | Rename Parameter
lucene,2ae22a31e362c283a9b1a58621bd51512c1d5741,b1ab12b556dc5952c90a8d79914c7cb51067acfe,2002-01-24T19:02:52+00:00,"Renamed NullTokenizer and Analyzer to WhitespaceTokenizer and Analyzer. Also re-structured the implementation of several tokenizers so that they share code, basing them on the new class CharAnalyzer.",Large Component,large_packages,5,5,0,False,Add Class Modifier|Extract And Move Method|Extract Method|Invert Condition|Remove Class Modifier|Rename Class|Rename Parameter,Extract Method|Add Class Modifier|Extract And Move Method|Invert Condition|Remove Class Modifier|Rename Class|Rename Parameter,Extract Method,"Architecture smell: Large Component. Metric large_packages changed from 5 to 5. Commit message: Renamed NullTokenizer and Analyzer to WhitespaceTokenizer and Analyzer. Also re-structured the implementation of several tokenizers so that they share code, basing them on the new class CharAnalyzer.",Extract Method | Add Class Modifier | Extract And Move Method | Invert Condition | Remove Class Modifier | Rename Class | Rename Parameter
lucene,2ae22a31e362c283a9b1a58621bd51512c1d5741,b1ab12b556dc5952c90a8d79914c7cb51067acfe,2002-01-24T19:02:52+00:00,"Renamed NullTokenizer and Analyzer to WhitespaceTokenizer and Analyzer. Also re-structured the implementation of several tokenizers so that they share code, basing them on the new class CharAnalyzer.",Excessive Package Coupling,package_edges,52,52,0,False,Add Class Modifier|Extract And Move Method|Extract Method|Invert Condition|Remove Class Modifier|Rename Class|Rename Parameter,Add Class Modifier|Extract And Move Method|Extract Method|Invert Condition|Remove Class Modifier|Rename Class|Rename Parameter,Add Class Modifier,"Architecture smell: Excessive Package Coupling. Metric package_edges changed from 52 to 52. Commit message: Renamed NullTokenizer and Analyzer to WhitespaceTokenizer and Analyzer. Also re-structured the implementation of several tokenizers so that they share code, basing them on the new class CharAnalyzer.",Add Class Modifier | Extract And Move Method | Extract Method | Invert Condition | Remove Class Modifier | Rename Class | Rename Parameter
lucene,e120b8bd512967bb0c683f64d45546f5c617b548,d0473acefc066148991310b39e27c38091860334,2002-01-26T15:01:32+00:00,PR: Obtained from: Reviewed by:	Doug Cutting / Lucene Community new demo build target added getting started guide modified tests moved demo to demo subpackage added war demo,Cyclic Dependency,cyclic_packages,8,9,-1,False,Move Class|Move Package,Move Class|Move Package,Move Class,Architecture smell: Cyclic Dependency. Metric cyclic_packages changed from 8 to 9. Commit message: PR: Obtained from: Reviewed by:	Doug Cutting / Lucene Community new demo build target added getting started guide modified tests moved demo to demo subpackage added war demo,Move Class | Move Package
lucene,e120b8bd512967bb0c683f64d45546f5c617b548,d0473acefc066148991310b39e27c38091860334,2002-01-26T15:01:32+00:00,PR: Obtained from: Reviewed by:	Doug Cutting / Lucene Community new demo build target added getting started guide modified tests moved demo to demo subpackage added war demo,Large Component,large_packages,5,4,1,True,Move Class|Move Package,Move Class|Move Package,Move Class,Architecture smell: Large Component. Metric large_packages changed from 5 to 4. Commit message: PR: Obtained from: Reviewed by:	Doug Cutting / Lucene Community new demo build target added getting started guide modified tests moved demo to demo subpackage added war demo,Move Class | Move Package
lucene,e120b8bd512967bb0c683f64d45546f5c617b548,d0473acefc066148991310b39e27c38091860334,2002-01-26T15:01:32+00:00,PR: Obtained from: Reviewed by:	Doug Cutting / Lucene Community new demo build target added getting started guide modified tests moved demo to demo subpackage added war demo,Excessive Package Coupling,package_edges,52,63,-11,False,Move Class|Move Package,Move Class|Move Package,Move Class,Architecture smell: Excessive Package Coupling. Metric package_edges changed from 52 to 63. Commit message: PR: Obtained from: Reviewed by:	Doug Cutting / Lucene Community new demo build target added getting started guide modified tests moved demo to demo subpackage added war demo,Move Class | Move Package
